scope	repository	package	pkgbase	version	architecture	filename	sha256	compressed_bytes	installed_bytes	binary_url	package_page	source_files
live	extra	aalib	aalib	1.4rc5-19	aarch64	aalib-1.4rc5-19-aarch64.pkg.tar.xz	1760675b40e5b88b9378bbba2750ead8747c00df149623f5645aa821e03b3203	135852	519698	https://mirror.archlinuxarm.org/aarch64/extra/aalib-1.4rc5-19-aarch64.pkg.tar.xz	https://archlinuxarm.org/packages/aarch64/aalib	https://archlinuxarm.org/packages/aarch64/aalib/files
live	extra	abseil-cpp	abseil-cpp	20260526.0-2	aarch64	abseil-cpp-20260526.0-2-aarch64.pkg.tar.xz	9d4939d6f3d0133fa6e11a6bfdf7c52a27e4b41f6859d8c864fcf2eb388bde4d	1291428	12342333	https://mirror.archlinuxarm.org/aarch64/extra/abseil-cpp-20260526.0-2-aarch64.pkg.tar.xz	https://archlinuxarm.org/packages/aarch64/abseil-cpp	https://archlinuxarm.org/packages/aarch64/abseil-cpp/files
live	extra	accountsservice	accountsservice	26.27.3-1	aarch64	accountsservice-26.27.3-1-aarch64.pkg.tar.xz	422cc32a9732e6304ab4546d7caf46d28c33a01b195c685fd470cbf9a697b52f	165108	1192785	https://mirror.archlinuxarm.org/aarch64/extra/accountsservice-26.27.3-1-aarch64.pkg.tar.xz	https://archlinuxarm.org/packages/aarch64/accountsservice	https://archlinuxarm.org/packages/aarch64/accountsservice/files
live+build	core	acl	acl	2.4.0-1	aarch64	acl-2.4.0-1-aarch64.pkg.tar.xz	8d400d781a3fd765f0f7c98183492850f830da3d3efb05518b5927b446387350	143708	497040	https://mirror.archlinuxarm.org/aarch64/core/acl-2.4.0-1-aarch64.pkg.tar.xz	https://archlinuxarm.org/packages/aarch64/acl	https://archlinuxarm.org/packages/aarch64/acl/files
live	extra	adwaita-cursors	adwaita-icon-theme	50.0-1	any	adwaita-cursors-50.0-1-any.pkg.tar.xz	03657631b3a079320e349715a63f5c7fcb4489062fa4c5c2bf5428455f2373c3	296020	11963936	https://mirror.archlinuxarm.org/aarch64/extra/adwaita-cursors-50.0-1-any.pkg.tar.xz	https://archlinuxarm.org/packages/aarch64/adwaita-cursors	https://archlinuxarm.org/packages/aarch64/adwaita-cursors/files
live	extra	adwaita-fonts	adwaita-fonts	50.0-1	any	adwaita-fonts-50.0-1-any.pkg.tar.xz	48017c2cefce73405a5887bb1a1b5b4e51e4192cf2d8cf8b320c6090152ee396	2000308	7646846	https://mirror.archlinuxarm.org/aarch64/extra/adwaita-fonts-50.0-1-any.pkg.tar.xz	https://archlinuxarm.org/packages/aarch64/adwaita-fonts	https://archlinuxarm.org/packages/aarch64/adwaita-fonts/files
live	extra	adwaita-icon-theme	adwaita-icon-theme	50.0-1	any	adwaita-icon-theme-50.0-1-any.pkg.tar.xz	96795f6176aac91304c061b06f5afdc08fa65ad2c5675cf9924eeaf023481afc	202236	1250444	https://mirror.archlinuxarm.org/aarch64/extra/adwaita-icon-theme-50.0-1-any.pkg.tar.xz	https://archlinuxarm.org/packages/aarch64/adwaita-icon-theme	https://archlinuxarm.org/packages/aarch64/adwaita-icon-theme/files
live	extra	adwaita-icon-theme-legacy	adwaita-icon-theme-legacy	46.2-3	any	adwaita-icon-theme-legacy-46.2-3-any.pkg.tar.xz	bee29029e278e70571e3dc30112f18bbe046af8a66feea0af79c4f8978ad979d	2275500	2339026	https://mirror.archlinuxarm.org/aarch64/extra/adwaita-icon-theme-legacy-46.2-3-any.pkg.tar.xz	https://archlinuxarm.org/packages/aarch64/adwaita-icon-theme-legacy	https://archlinuxarm.org/packages/aarch64/adwaita-icon-theme-legacy/files
live	extra	alsa-card-profiles	pipewire	1:1.6.8-1	aarch64	alsa-card-profiles-1:1.6.8-1-aarch64.pkg.tar.xz	3e8548f3dae6eaa2df41a306bf2e584fb3f1ffe95b0ed41e8c02a65787d8e41c	28072	203568	https://mirror.archlinuxarm.org/aarch64/extra/alsa-card-profiles-1:1.6.8-1-aarch64.pkg.tar.xz	https://archlinuxarm.org/packages/aarch64/alsa-card-profiles	https://archlinuxarm.org/packages/aarch64/alsa-card-profiles/files
live	extra	alsa-lib	alsa-lib	1.2.16.1-1	aarch64	alsa-lib-1.2.16.1-1-aarch64.pkg.tar.xz	fe32910ecf90d24b4662b9d437b3ac8f638786eef3719b558f7f98dc9e299a16	471232	1991147	https://mirror.archlinuxarm.org/aarch64/extra/alsa-lib-1.2.16.1-1-aarch64.pkg.tar.xz	https://archlinuxarm.org/packages/aarch64/alsa-lib	https://archlinuxarm.org/packages/aarch64/alsa-lib/files
live	extra	alsa-topology-conf	alsa-topology-conf	1.2.5.1-4	any	alsa-topology-conf-1.2.5.1-4-any.pkg.tar.xz	fc04bacda1d93b22135985a71f0f73a8df57880d4d7f03c3368e5717a917d4cf	13528	343788	https://mirror.archlinuxarm.org/aarch64/extra/alsa-topology-conf-1.2.5.1-4-any.pkg.tar.xz	https://archlinuxarm.org/packages/aarch64/alsa-topology-conf	https://archlinuxarm.org/packages/aarch64/alsa-topology-conf/files
live	extra	alsa-ucm-conf	alsa-ucm-conf	1.2.16.1-1	any	alsa-ucm-conf-1.2.16.1-1-any.pkg.tar.xz	7c8748eb29e8bdd1632071410aab1ed19edc0f48ffbe47375a51b5a4bdef8db8	130876	709032	https://mirror.archlinuxarm.org/aarch64/extra/alsa-ucm-conf-1.2.16.1-1-any.pkg.tar.xz	https://archlinuxarm.org/packages/aarch64/alsa-ucm-conf	https://archlinuxarm.org/packages/aarch64/alsa-ucm-conf/files
live	extra	alsa-utils	alsa-utils	1.2.16-1	aarch64	alsa-utils-1.2.16-1-aarch64.pkg.tar.xz	ba6875257005961276b969f12cea44ccd828841254b009d9f4a3eba4c44df9d6	1132512	3500208	https://mirror.archlinuxarm.org/aarch64/extra/alsa-utils-1.2.16-1-aarch64.pkg.tar.xz	https://archlinuxarm.org/packages/aarch64/alsa-utils	https://archlinuxarm.org/packages/aarch64/alsa-utils/files
live	extra	aom	aom	3.14.1-1	aarch64	aom-3.14.1-1-aarch64.pkg.tar.xz	43aaab73695d61d2d3ee432094c3c5f4250bd7d624460e9881c2b7eb9e80bb78	2672668	8412966	https://mirror.archlinuxarm.org/aarch64/extra/aom-3.14.1-1-aarch64.pkg.tar.xz	https://archlinuxarm.org/packages/aarch64/aom	https://archlinuxarm.org/packages/aarch64/aom/files
live	extra	appstream	appstream	1.1.5-1	aarch64	appstream-1.1.5-1-aarch64.pkg.tar.xz	992cf50705a76a2600463d4372a386a8286bafaf2bbb14e45dd39c5054a2c73d	3441832	18991257	https://mirror.archlinuxarm.org/aarch64/extra/appstream-1.1.5-1-aarch64.pkg.tar.xz	https://archlinuxarm.org/packages/aarch64/appstream	https://archlinuxarm.org/packages/aarch64/appstream/files
build	extra	arch-install-scripts	arch-install-scripts	31-1	any	arch-install-scripts-31-1-any.pkg.tar.xz	bf8c952fff971a622a8dcfa609d01d3da617100cf4cbadbe20bbcb089de9587f	16460	40095	https://mirror.archlinuxarm.org/aarch64/extra/arch-install-scripts-31-1-any.pkg.tar.xz	https://archlinuxarm.org/packages/aarch64/arch-install-scripts	https://archlinuxarm.org/packages/aarch64/arch-install-scripts/files
live	core	archlinux-keyring	archlinux-keyring	20260707.1-1	any	archlinux-keyring-20260707.1-1-any.pkg.tar.xz	2de7e32d6d9ceb8beef124c4e4929d44a2502aa0af396690ffd676770b5868e1	1276460	1811296	https://mirror.archlinuxarm.org/aarch64/core/archlinux-keyring-20260707.1-1-any.pkg.tar.xz	https://archlinuxarm.org/packages/aarch64/archlinux-keyring	https://archlinuxarm.org/packages/aarch64/archlinux-keyring/files
live+build	core	archlinuxarm-keyring	archlinuxarm-keyring	20240419-2	any	archlinuxarm-keyring-20240419-2-any.pkg.tar.xz	3cb36869edfe413672a6e932cc55d7f8386e1a9d3b38663cfb3bc6fe0d146e21	5160	3142	https://mirror.archlinuxarm.org/aarch64/core/archlinuxarm-keyring-20240419-2-any.pkg.tar.xz	https://archlinuxarm.org/packages/aarch64/archlinuxarm-keyring	https://archlinuxarm.org/packages/aarch64/archlinuxarm-keyring/files
live	extra	at-spi2-core	at-spi2-core	2.60.5-1	aarch64	at-spi2-core-2.60.5-1-aarch64.pkg.tar.xz	6c8607c793b280658875e1f638504e241cff96f4b0b6d483ce7995492970c06d	548560	4489603	https://mirror.archlinuxarm.org/aarch64/extra/at-spi2-core-2.60.5-1-aarch64.pkg.tar.xz	https://archlinuxarm.org/packages/aarch64/at-spi2-core	https://archlinuxarm.org/packages/aarch64/at-spi2-core/files
live	extra	atkmm	atkmm	2.28.5-2	aarch64	atkmm-2.28.5-2-aarch64.pkg.tar.xz	90849b310f5df7a90b4f4ed4fb343e482cc3c5bb499610a8ef2931845f22bd74	89712	630648	https://mirror.archlinuxarm.org/aarch64/extra/atkmm-2.28.5-2-aarch64.pkg.tar.xz	https://archlinuxarm.org/packages/aarch64/atkmm	https://archlinuxarm.org/packages/aarch64/atkmm/files
live+build	core	attr	attr	2.6.0-1	aarch64	attr-2.6.0-1-aarch64.pkg.tar.xz	7d0a27bb1761e2b5c329da6fee515af4d174869f303009283fbc6b74497d267c	69708	412510	https://mirror.archlinuxarm.org/aarch64/core/attr-2.6.0-1-aarch64.pkg.tar.xz	https://archlinuxarm.org/packages/aarch64/attr	https://archlinuxarm.org/packages/aarch64/attr/files
live+build	core	audit	audit	4.1.4-2	aarch64	audit-4.1.4-2-aarch64.pkg.tar.xz	c589cc0b8bc343da0d1e5b147900930fa797058277f12391a991a7ef7b469b95	374172	1580825	https://mirror.archlinuxarm.org/aarch64/core/audit-4.1.4-2-aarch64.pkg.tar.xz	https://archlinuxarm.org/packages/aarch64/audit	https://archlinuxarm.org/packages/aarch64/audit/files
live	extra	avahi	avahi	1:0.9rc5-1	aarch64	avahi-1:0.9rc5-1-aarch64.pkg.tar.xz	cc5397663792b8a6aeeb8879d44020e21f7dc8f3889e4bcab25cb976b0033481	413888	2810619	https://mirror.archlinuxarm.org/aarch64/extra/avahi-1:0.9rc5-1-aarch64.pkg.tar.xz	https://archlinuxarm.org/packages/aarch64/avahi	https://archlinuxarm.org/packages/aarch64/avahi/files
live	extra	baobab	baobab	50.0-1	aarch64	baobab-50.0-1-aarch64.pkg.tar.xz	a50d2ae8fd85428bdd7d2a0da9620728491c05de4a197150c5a1a2596248600c	331876	1826813	https://mirror.archlinuxarm.org/aarch64/extra/baobab-50.0-1-aarch64.pkg.tar.xz	https://archlinuxarm.org/packages/aarch64/baobab	https://archlinuxarm.org/packages/aarch64/baobab/files
live	core	base	base	3-3	any	base-3-3-any.pkg.tar.xz	66af0072b148b2607e3a36b550a20811f1935688c87b807e69297eb585ead483	2384	0	https://mirror.archlinuxarm.org/aarch64/core/base-3-3-any.pkg.tar.xz	https://archlinuxarm.org/packages/aarch64/base	https://archlinuxarm.org/packages/aarch64/base/files
live+build	core	bash	bash	5.3.15-1	aarch64	bash-5.3.15-1-aarch64.pkg.tar.xz	4e131277195e18ec5ab3d7f199e123ea2ec31ed05d56c28c6ea9a24753e20476	1825960	12156424	https://mirror.archlinuxarm.org/aarch64/core/bash-5.3.15-1-aarch64.pkg.tar.xz	https://archlinuxarm.org/packages/aarch64/bash	https://archlinuxarm.org/packages/aarch64/bash/files
live	extra	bash-completion	bash-completion	2.18.0-1	any	bash-completion-2.18.0-1-any.pkg.tar.xz	82716e3508156d038fe80af85bb4693b6eb80e14fb3766e726d8ff689af0d593	228076	1043228	https://mirror.archlinuxarm.org/aarch64/extra/bash-completion-2.18.0-1-any.pkg.tar.xz	https://archlinuxarm.org/packages/aarch64/bash-completion	https://archlinuxarm.org/packages/aarch64/bash-completion/files
live+build	core	binutils	binutils	2.46+r70+g155188ea10a7-1	aarch64	binutils-2.46+r70+g155188ea10a7-1-aarch64.pkg.tar.xz	1acb6074f546ee662f29937897ab80bd87b0dcdd66c714381e8488d79cd53fcc	7845808	53968435	https://mirror.archlinuxarm.org/aarch64/core/binutils-2.46+r70+g155188ea10a7-1-aarch64.pkg.tar.xz	https://archlinuxarm.org/packages/aarch64/binutils	https://archlinuxarm.org/packages/aarch64/binutils/files
live	extra	bluez	bluez	5.87-2	aarch64	bluez-5.87-2-aarch64.pkg.tar.xz	432c08e4a54eadc521b8dac10e4e4031e3fa4a4e2fd4eb4ac947ca89bc58cd40	613944	2295577	https://mirror.archlinuxarm.org/aarch64/extra/bluez-5.87-2-aarch64.pkg.tar.xz	https://archlinuxarm.org/packages/aarch64/bluez	https://archlinuxarm.org/packages/aarch64/bluez/files
live	extra	bluez-libs	bluez	5.87-2	aarch64	bluez-libs-5.87-2-aarch64.pkg.tar.xz	8c8be9961b8a952aeaf99b56a623d541977b563d0586512e881179eab1b12728	88556	402451	https://mirror.archlinuxarm.org/aarch64/extra/bluez-libs-5.87-2-aarch64.pkg.tar.xz	https://archlinuxarm.org/packages/aarch64/bluez-libs	https://archlinuxarm.org/packages/aarch64/bluez-libs/files
live	extra	bluez-obex	bluez	5.87-2	aarch64	bluez-obex-5.87-2-aarch64.pkg.tar.xz	788b757d2a1c089f811034add62c249acbbc6e515816e445cafc7f0b082d4df4	253756	1146372	https://mirror.archlinuxarm.org/aarch64/extra/bluez-obex-5.87-2-aarch64.pkg.tar.xz	https://archlinuxarm.org/packages/aarch64/bluez-obex	https://archlinuxarm.org/packages/aarch64/bluez-obex/files
live	extra	bluez-utils	bluez	5.87-2	aarch64	bluez-utils-5.87-2-aarch64.pkg.tar.xz	87bcd79e63ad7867a5ca19fa53b7b7989efc90657ddafb67c82a6359a2429d3b	970988	6041757	https://mirror.archlinuxarm.org/aarch64/extra/bluez-utils-5.87-2-aarch64.pkg.tar.xz	https://archlinuxarm.org/packages/aarch64/bluez-utils	https://archlinuxarm.org/packages/aarch64/bluez-utils/files
live	extra	bolt	bolt	0.9.11-1	aarch64	bolt-0.9.11-1-aarch64.pkg.tar.xz	87977fe7993835620466b0f15e171b7236fe1a0362425482de0348e6b4b669a2	142680	621928	https://mirror.archlinuxarm.org/aarch64/extra/bolt-0.9.11-1-aarch64.pkg.tar.xz	https://archlinuxarm.org/packages/aarch64/bolt	https://archlinuxarm.org/packages/aarch64/bolt/files
live	extra	brightnessctl	brightnessctl	0.5.1-3	aarch64	brightnessctl-0.5.1-3-aarch64.pkg.tar.xz	f2a4f173cc826dc2917402e4ea40dac4ae0d44557dfdd6a59a2e1a45b88edb48	10940	69874	https://mirror.archlinuxarm.org/aarch64/extra/brightnessctl-0.5.1-3-aarch64.pkg.tar.xz	https://archlinuxarm.org/packages/aarch64/brightnessctl	https://archlinuxarm.org/packages/aarch64/brightnessctl/files
live	extra	brltty	brltty	6.9.1-3	aarch64	brltty-6.9.1-3-aarch64.pkg.tar.xz	f9b09159eac0635a2ef1ddb29d3c377200cd456df04e5c87f41e151a8ce5c857	1606044	13551200	https://mirror.archlinuxarm.org/aarch64/extra/brltty-6.9.1-3-aarch64.pkg.tar.xz	https://archlinuxarm.org/packages/aarch64/brltty	https://archlinuxarm.org/packages/aarch64/brltty/files
live+build	core	brotli	brotli	1.2.0-1	aarch64	brotli-1.2.0-1-aarch64.pkg.tar.xz	5bc65da23452fe0408341a1c626c9a322ffb0890bcf83aae9902fd6092213356	392180	1258287	https://mirror.archlinuxarm.org/aarch64/core/brotli-1.2.0-1-aarch64.pkg.tar.xz	https://archlinuxarm.org/packages/aarch64/brotli	https://archlinuxarm.org/packages/aarch64/brotli/files
live	core	btrfs-progs	btrfs-progs	7.1-1	aarch64	btrfs-progs-7.1-1-aarch64.pkg.tar.xz	059eae37c827cdcfe5830926af389794b2dcbdb72dcef8144d4b31884c3a7174	1016384	6758442	https://mirror.archlinuxarm.org/aarch64/core/btrfs-progs-7.1-1-aarch64.pkg.tar.xz	https://archlinuxarm.org/packages/aarch64/btrfs-progs	https://archlinuxarm.org/packages/aarch64/btrfs-progs/files
live	extra	bubblewrap	bubblewrap	0.11.2-1	aarch64	bubblewrap-0.11.2-1-aarch64.pkg.tar.xz	c118223d2d8011595827b5c82a2d9b49d28bdaeb2500c29f92cc506b6953c068	38808	148518	https://mirror.archlinuxarm.org/aarch64/extra/bubblewrap-0.11.2-1-aarch64.pkg.tar.xz	https://archlinuxarm.org/packages/aarch64/bubblewrap	https://archlinuxarm.org/packages/aarch64/bubblewrap/files
live+build	core	bzip2	bzip2	1.0.8-6	aarch64	bzip2-1.0.8-6-aarch64.pkg.tar.xz	b11f21c0bc3d1193dd02040644cd604d49cc89184db1b7bc76a623532fcb0dcb	56252	139951	https://mirror.archlinuxarm.org/aarch64/core/bzip2-1.0.8-6-aarch64.pkg.tar.xz	https://archlinuxarm.org/packages/aarch64/bzip2	https://archlinuxarm.org/packages/aarch64/bzip2/files
live+build	core	ca-certificates	ca-certificates	20240618-1	any	ca-certificates-20240618-1-any.pkg.tar.xz	09cfa7af79ca8120572e737c34080580ddc50c5e33a03a686c5c55032f02b575	2152	0	https://mirror.archlinuxarm.org/aarch64/core/ca-certificates-20240618-1-any.pkg.tar.xz	https://archlinuxarm.org/packages/aarch64/ca-certificates	https://archlinuxarm.org/packages/aarch64/ca-certificates/files
live+build	core	ca-certificates-mozilla	nss	3.126-1	aarch64	ca-certificates-mozilla-3.126-1-aarch64.pkg.tar.xz	8971925aa6731c2f7191ded1a89ca1e481e5ce35b5a496f0af6e1b642ff8716c	380068	1071201	https://mirror.archlinuxarm.org/aarch64/core/ca-certificates-mozilla-3.126-1-aarch64.pkg.tar.xz	https://archlinuxarm.org/packages/aarch64/ca-certificates-mozilla	https://archlinuxarm.org/packages/aarch64/ca-certificates-mozilla/files
live+build	core	ca-certificates-utils	ca-certificates	20240618-1	any	ca-certificates-utils-20240618-1-any.pkg.tar.xz	c60483cb5fb3002acfe4cbee8966e9c13936ea9bff3db9db360d8d638f013c8b	10884	13956	https://mirror.archlinuxarm.org/aarch64/core/ca-certificates-utils-20240618-1-any.pkg.tar.xz	https://archlinuxarm.org/packages/aarch64/ca-certificates-utils	https://archlinuxarm.org/packages/aarch64/ca-certificates-utils/files
live	extra	cairo	cairo	1.18.4-1	aarch64	cairo-1.18.4-1-aarch64.pkg.tar.xz	e8515ab333a4da9270b05a3b926594a2e682b454b797370ef0400c2e842fc136	584132	1964958	https://mirror.archlinuxarm.org/aarch64/extra/cairo-1.18.4-1-aarch64.pkg.tar.xz	https://archlinuxarm.org/packages/aarch64/cairo	https://archlinuxarm.org/packages/aarch64/cairo/files
live	extra	cairomm	cairomm	1.14.6-1	aarch64	cairomm-1.14.6-1-aarch64.pkg.tar.xz	60947d579b45533c729afae904587cefb67bae3a37ee120b20da074556f85cc1	84480	450174	https://mirror.archlinuxarm.org/aarch64/extra/cairomm-1.14.6-1-aarch64.pkg.tar.xz	https://archlinuxarm.org/packages/aarch64/cairomm	https://archlinuxarm.org/packages/aarch64/cairomm/files
live	extra	cairomm-1.16	cairomm-1.16	1.18.1-1	aarch64	cairomm-1.16-1.18.1-1-aarch64.pkg.tar.xz	8735696dec5df9333e5573efdcc8c8c648482af7c4bba672d806fe1a0f74e312	89216	502114	https://mirror.archlinuxarm.org/aarch64/extra/cairomm-1.16-1.18.1-1-aarch64.pkg.tar.xz	https://archlinuxarm.org/packages/aarch64/cairomm-1.16	https://archlinuxarm.org/packages/aarch64/cairomm-1.16/files
live	extra	cdparanoia	cdparanoia	10.2-10	aarch64	cdparanoia-10.2-10-aarch64.pkg.tar.xz	0d074a3e1739557ca1006cc89b160566d9ad985c9a6c486c00a8ff9f9f19b554	68224	284963	https://mirror.archlinuxarm.org/aarch64/extra/cdparanoia-10.2-10-aarch64.pkg.tar.xz	https://archlinuxarm.org/packages/aarch64/cdparanoia	https://archlinuxarm.org/packages/aarch64/cdparanoia/files
live	extra	cifs-utils	cifs-utils	7.5-1	aarch64	cifs-utils-7.5-1-aarch64.pkg.tar.xz	a0434de6dc5f845f2fa9ee2d0f9979356bb4fb2ca57567dc8f733091847a7837	97172	614987	https://mirror.archlinuxarm.org/aarch64/extra/cifs-utils-7.5-1-aarch64.pkg.tar.xz	https://archlinuxarm.org/packages/aarch64/cifs-utils	https://archlinuxarm.org/packages/aarch64/cifs-utils/files
live	extra	colord	colord	1.4.8-1	aarch64	colord-1.4.8-1-aarch64.pkg.tar.xz	816032d7b5019a3e8201f7c8bd44a7d0695085cdfe4ab47069e4e77138d887a0	1562904	5973989	https://mirror.archlinuxarm.org/aarch64/extra/colord-1.4.8-1-aarch64.pkg.tar.xz	https://archlinuxarm.org/packages/aarch64/colord	https://archlinuxarm.org/packages/aarch64/colord/files
live	extra	colord-gtk-common	colord-gtk	0.3.1-1	aarch64	colord-gtk-common-0.3.1-1-aarch64.pkg.tar.xz	268083e72e00c80efb2d1d687636c5cd263cfce0eca71753b0ba32bd8ced6654	26000	121962	https://mirror.archlinuxarm.org/aarch64/extra/colord-gtk-common-0.3.1-1-aarch64.pkg.tar.xz	https://archlinuxarm.org/packages/aarch64/colord-gtk-common	https://archlinuxarm.org/packages/aarch64/colord-gtk-common/files
live	extra	colord-gtk4	colord-gtk	0.3.1-1	aarch64	colord-gtk4-0.3.1-1-aarch64.pkg.tar.xz	97e43bfb6239f8be093e054b38d798bddbaa531240b8f2121c68a09272117729	11260	67619	https://mirror.archlinuxarm.org/aarch64/extra/colord-gtk4-0.3.1-1-aarch64.pkg.tar.xz	https://archlinuxarm.org/packages/aarch64/colord-gtk4	https://archlinuxarm.org/packages/aarch64/colord-gtk4/files
live+build	core	coreutils	coreutils	9.11-2	aarch64	coreutils-9.11-2-aarch64.pkg.tar.xz	fffa0cc4002dd955afbdff008a6489ee600dfeae1ec2a561feca13c1bdfe7d7f	2791848	20749562	https://mirror.archlinuxarm.org/aarch64/core/coreutils-9.11-2-aarch64.pkg.tar.xz	https://archlinuxarm.org/packages/aarch64/coreutils	https://archlinuxarm.org/packages/aarch64/coreutils/files
build	extra	cpio	cpio	2.15-3	aarch64	cpio-2.15-3-aarch64.pkg.tar.xz	596b6371550dce4a855b5c14396d291b26848f3493d76dcb3298a83e780a90e0	218048	1087377	https://mirror.archlinuxarm.org/aarch64/extra/cpio-2.15-3-aarch64.pkg.tar.xz	https://archlinuxarm.org/packages/aarch64/cpio	https://archlinuxarm.org/packages/aarch64/cpio/files
live	core	cracklib	cracklib	2.10.3-1	aarch64	cracklib-2.10.3-1-aarch64.pkg.tar.xz	fcbd38683b4baf6caf696f2ba6478c14d551c981e7d1697a7e45c9172082c21a	267888	1147377	https://mirror.archlinuxarm.org/aarch64/core/cracklib-2.10.3-1-aarch64.pkg.tar.xz	https://archlinuxarm.org/packages/aarch64/cracklib	https://archlinuxarm.org/packages/aarch64/cracklib/files
live+build	core	cryptsetup	cryptsetup	2.8.7-1	aarch64	cryptsetup-2.8.7-1-aarch64.pkg.tar.xz	1ad77b979d53000443f640583868ac59021b01bc06d80bf05fe3e835d490e683	791460	3868199	https://mirror.archlinuxarm.org/aarch64/core/cryptsetup-2.8.7-1-aarch64.pkg.tar.xz	https://archlinuxarm.org/packages/aarch64/cryptsetup	https://archlinuxarm.org/packages/aarch64/cryptsetup/files
live	extra	cups-pk-helper	cups-pk-helper	0.2.7-2	aarch64	cups-pk-helper-0.2.7-2-aarch64.pkg.tar.xz	df8e68590fc2a4e0ab4eaea39b09245e0eb9ab3d4af7187ab2653d4e26acfcfd	63284	455773	https://mirror.archlinuxarm.org/aarch64/extra/cups-pk-helper-0.2.7-2-aarch64.pkg.tar.xz	https://archlinuxarm.org/packages/aarch64/cups-pk-helper	https://archlinuxarm.org/packages/aarch64/cups-pk-helper/files
live+build	core	curl	curl	8.21.0-1	aarch64	curl-8.21.0-1-aarch64.pkg.tar.xz	176cd9c95d5a37c0f38d889b605c5117468568bf2ff08045dc03b0ad32aedc49	1259500	2430001	https://mirror.archlinuxarm.org/aarch64/core/curl-8.21.0-1-aarch64.pkg.tar.xz	https://archlinuxarm.org/packages/aarch64/curl	https://archlinuxarm.org/packages/aarch64/curl/files
live	extra	dav1d	dav1d	1.5.4-1	aarch64	dav1d-1.5.4-1-aarch64.pkg.tar.xz	1bacfe3c1125b7fe32d9fd9cce8fa48fd93aa0daf43608c2f92e6c1418ab9aeb	343120	992444	https://mirror.archlinuxarm.org/aarch64/extra/dav1d-1.5.4-1-aarch64.pkg.tar.xz	https://archlinuxarm.org/packages/aarch64/dav1d	https://archlinuxarm.org/packages/aarch64/dav1d/files
live	core	db5.3	db5.3	5.3.28-7	aarch64	db5.3-5.3.28-7-aarch64.pkg.tar.xz	0a787f952c0f7dd1493db437ab0dc3ffda6053cb6affa4ebf91caff185e586b4	1044852	7524087	https://mirror.archlinuxarm.org/aarch64/core/db5.3-5.3.28-7-aarch64.pkg.tar.xz	https://archlinuxarm.org/packages/aarch64/db5.3	https://archlinuxarm.org/packages/aarch64/db5.3/files
live+build	core	dbus	dbus	1.16.2-1	aarch64	dbus-1.16.2-1-aarch64.pkg.tar.xz	1aa0bc2be4fa083ec0cb678f05223f55b0c8e498351ad781dc4b7a0987b62bcc	301132	1606438	https://mirror.archlinuxarm.org/aarch64/core/dbus-1.16.2-1-aarch64.pkg.tar.xz	https://archlinuxarm.org/packages/aarch64/dbus	https://archlinuxarm.org/packages/aarch64/dbus/files
live+build	core	dbus-broker	dbus-broker	37-3	aarch64	dbus-broker-37-3-aarch64.pkg.tar.xz	d6784e1adefd64ef5b5a92bc3a8d34e8df09e9ba80ef81d1238073914b6589d5	137404	476931	https://mirror.archlinuxarm.org/aarch64/core/dbus-broker-37-3-aarch64.pkg.tar.xz	https://archlinuxarm.org/packages/aarch64/dbus-broker	https://archlinuxarm.org/packages/aarch64/dbus-broker/files
live+build	core	dbus-broker-units	dbus-broker	37-3	aarch64	dbus-broker-units-37-3-aarch64.pkg.tar.xz	0d7592d10d84e9fccfa808e9e46de39d8cff2ebfc12b33e4d2c58223d0f0912d	2536	0	https://mirror.archlinuxarm.org/aarch64/core/dbus-broker-units-37-3-aarch64.pkg.tar.xz	https://archlinuxarm.org/packages/aarch64/dbus-broker-units	https://archlinuxarm.org/packages/aarch64/dbus-broker-units/files
live+build	core	dbus-units	dbus-broker	37-3	aarch64	dbus-units-37-3-aarch64.pkg.tar.xz	5d7444e570219667a9789589e9ccbf8535d78d1dae954c22e487af226237b125	2276	0	https://mirror.archlinuxarm.org/aarch64/core/dbus-units-37-3-aarch64.pkg.tar.xz	https://archlinuxarm.org/packages/aarch64/dbus-units	https://archlinuxarm.org/packages/aarch64/dbus-units/files
live	extra	dconf	dconf	0.49.0-1	aarch64	dconf-0.49.0-1-aarch64.pkg.tar.xz	6acbf52ddd162c5078c3ce0d75acebfe7dbad32e918e46087f399c131b17ceab	104892	743038	https://mirror.archlinuxarm.org/aarch64/extra/dconf-0.49.0-1-aarch64.pkg.tar.xz	https://archlinuxarm.org/packages/aarch64/dconf	https://archlinuxarm.org/packages/aarch64/dconf/files
live	extra	default-cursors	default-cursors	3-1	any	default-cursors-3-1-any.pkg.tar.xz	19a87290af8829271e9670576096b08b9262d8fac1e3deb4167d7cd3d3ae1830	2412	30	https://mirror.archlinuxarm.org/aarch64/extra/default-cursors-3-1-any.pkg.tar.xz	https://archlinuxarm.org/packages/aarch64/default-cursors	https://archlinuxarm.org/packages/aarch64/default-cursors/files
live	extra	desktop-file-utils	desktop-file-utils	0.28-1	aarch64	desktop-file-utils-0.28-1-aarch64.pkg.tar.xz	89d97b1e9e0c265da1bf9120f39fb78122f4eb221dd1e5956b8d64326cf72eca	44376	352519	https://mirror.archlinuxarm.org/aarch64/extra/desktop-file-utils-0.28-1-aarch64.pkg.tar.xz	https://archlinuxarm.org/packages/aarch64/desktop-file-utils	https://archlinuxarm.org/packages/aarch64/desktop-file-utils/files
live+build	core	device-mapper	lvm2	2.03.41-1	aarch64	device-mapper-2.03.41-1-aarch64.pkg.tar.xz	8181d67192b579a7d27f550cddc24b1964f6495f65df7d6378025ab303d43d2a	280232	1010328	https://mirror.archlinuxarm.org/aarch64/core/device-mapper-2.03.41-1-aarch64.pkg.tar.xz	https://archlinuxarm.org/packages/aarch64/device-mapper	https://archlinuxarm.org/packages/aarch64/device-mapper/files
live+build	core	diffutils	diffutils	3.12-2	aarch64	diffutils-3.12-2-aarch64.pkg.tar.xz	9ad7b66fac2b6094f14d924476fa4efadf81536efde06b29ef5a3e5737e22924	328268	1694864	https://mirror.archlinuxarm.org/aarch64/core/diffutils-3.12-2-aarch64.pkg.tar.xz	https://archlinuxarm.org/packages/aarch64/diffutils	https://archlinuxarm.org/packages/aarch64/diffutils/files
live	extra	djvulibre	djvulibre	3.5.30.1-1	aarch64	djvulibre-3.5.30.1-1-aarch64.pkg.tar.xz	5bb7dca21f2e99bcc239f6c9dfcf98b313c887a38277d15f69a7944542bbe452	979388	4272891	https://mirror.archlinuxarm.org/aarch64/extra/djvulibre-3.5.30.1-1-aarch64.pkg.tar.xz	https://archlinuxarm.org/packages/aarch64/djvulibre	https://archlinuxarm.org/packages/aarch64/djvulibre/files
live+build	core	dosfstools	dosfstools	4.2-5	aarch64	dosfstools-4.2-5-aarch64.pkg.tar.xz	c41120c6c89469f259d5248ea2ed0a7bea19f8a38d493682f7ff82037a862c21	133092	517213	https://mirror.archlinuxarm.org/aarch64/core/dosfstools-4.2-5-aarch64.pkg.tar.xz	https://archlinuxarm.org/packages/aarch64/dosfstools	https://archlinuxarm.org/packages/aarch64/dosfstools/files
live	extra	dotconf	dotconf	1.4.1-1	aarch64	dotconf-1.4.1-1-aarch64.pkg.tar.xz	9687c7c595cc1561f40fb95b75a18412695f6d4245e46841b254eae7872f711f	32660	94279	https://mirror.archlinuxarm.org/aarch64/extra/dotconf-1.4.1-1-aarch64.pkg.tar.xz	https://archlinuxarm.org/packages/aarch64/dotconf	https://archlinuxarm.org/packages/aarch64/dotconf/files
live	extra	double-conversion	double-conversion	3.4.0-1	aarch64	double-conversion-3.4.0-1-aarch64.pkg.tar.xz	f4d8f0db3a79d6cb06174920ec19cc1c1d943b7b019444be91c2685babc2d790	52748	240639	https://mirror.archlinuxarm.org/aarch64/extra/double-conversion-3.4.0-1-aarch64.pkg.tar.xz	https://archlinuxarm.org/packages/aarch64/double-conversion	https://archlinuxarm.org/packages/aarch64/double-conversion/files
build	extra	dtc	dtc	1:1.8.1-1	aarch64	dtc-1:1.8.1-1-aarch64.pkg.tar.xz	c60faaee0f149ef74fc9feb9aba5cc564d971e021c5bff523568ae0fb257a319	150444	1102502	https://mirror.archlinuxarm.org/aarch64/extra/dtc-1:1.8.1-1-aarch64.pkg.tar.xz	https://archlinuxarm.org/packages/aarch64/dtc	https://archlinuxarm.org/packages/aarch64/dtc/files
live	extra	duktape	duktape	2.7.0-7	aarch64	duktape-2.7.0-7-aarch64.pkg.tar.xz	1e3c597a3290017cfef0aec1300fc9a4212a5af3680857807431bf881f3cf64d	163804	994008	https://mirror.archlinuxarm.org/aarch64/extra/duktape-2.7.0-7-aarch64.pkg.tar.xz	https://archlinuxarm.org/packages/aarch64/duktape	https://archlinuxarm.org/packages/aarch64/duktape/files
live+build	core	e2fsprogs	e2fsprogs	1.47.4-1	aarch64	e2fsprogs-1.47.4-1-aarch64.pkg.tar.xz	153046071f8abf1caf546a0352c7d268fb07a5b0ba0abd996de382adc8692842	1195448	6537466	https://mirror.archlinuxarm.org/aarch64/core/e2fsprogs-1.47.4-1-aarch64.pkg.tar.xz	https://archlinuxarm.org/packages/aarch64/e2fsprogs	https://archlinuxarm.org/packages/aarch64/e2fsprogs/files
live	extra	editorconfig-core-c	editorconfig-core-c	0.12.11-1	aarch64	editorconfig-core-c-0.12.11-1-aarch64.pkg.tar.xz	21acd0a1c77fd1487f229463c8cbd7dde26bb07086b342dfad9edd3fe6af4628	31664	205988	https://mirror.archlinuxarm.org/aarch64/extra/editorconfig-core-c-0.12.11-1-aarch64.pkg.tar.xz	https://archlinuxarm.org/packages/aarch64/editorconfig-core-c	https://archlinuxarm.org/packages/aarch64/editorconfig-core-c/files
live	core	efibootmgr	efibootmgr	18-4	aarch64	efibootmgr-18-4-aarch64.pkg.tar.xz	a443637e3c1171f9dcf60b5a2cf46bea8f397bb03168c38745084ca11dfa14d7	29360	151351	https://mirror.archlinuxarm.org/aarch64/core/efibootmgr-18-4-aarch64.pkg.tar.xz	https://archlinuxarm.org/packages/aarch64/efibootmgr	https://archlinuxarm.org/packages/aarch64/efibootmgr/files
live	core	efivar	efivar	39-2	aarch64	efivar-39-2-aarch64.pkg.tar.xz	6abe1962460263cb7f0c2213de8221ce570b83c301010afc13319b5a9cd97bba	135928	747552	https://mirror.archlinuxarm.org/aarch64/core/efivar-39-2-aarch64.pkg.tar.xz	https://archlinuxarm.org/packages/aarch64/efivar	https://archlinuxarm.org/packages/aarch64/efivar/files
live	extra	egl-wayland	egl-wayland	4:1.1.21-1	aarch64	egl-wayland-4:1.1.21-1-aarch64.pkg.tar.xz	7f05b25ad067af54daecd986482b7ddd643015da9602d689672ec7b2a5e70944	36204	157055	https://mirror.archlinuxarm.org/aarch64/extra/egl-wayland-4:1.1.21-1-aarch64.pkg.tar.xz	https://archlinuxarm.org/packages/aarch64/egl-wayland	https://archlinuxarm.org/packages/aarch64/egl-wayland/files
live	extra	eglexternalplatform	eglexternalplatform	1.2.1-1	any	eglexternalplatform-1.2.1-1-any.pkg.tar.xz	be74ff183890a94543860942c14daedd438061dbbf930370839da4a346e8a649	7428	18303	https://mirror.archlinuxarm.org/aarch64/extra/eglexternalplatform-1.2.1-1-any.pkg.tar.xz	https://archlinuxarm.org/packages/aarch64/eglexternalplatform	https://archlinuxarm.org/packages/aarch64/eglexternalplatform/files
live	extra	enchant	enchant	2.8.15-2	aarch64	enchant-2.8.15-2-aarch64.pkg.tar.xz	16f4989d33da83a78ce7303d84fde2b21d5651229588972dd5919a3f0716b03f	70964	646223	https://mirror.archlinuxarm.org/aarch64/extra/enchant-2.8.15-2-aarch64.pkg.tar.xz	https://archlinuxarm.org/packages/aarch64/enchant	https://archlinuxarm.org/packages/aarch64/enchant/files
live	extra	espeak-ng	espeak-ng	1.52.0-1	aarch64	espeak-ng-1.52.0-1-aarch64.pkg.tar.xz	9c70c73678054cd25d94e5ce505ecedc033f8cf308f28bb287a81280ba9eb0ce	7105716	19013534	https://mirror.archlinuxarm.org/aarch64/extra/espeak-ng-1.52.0-1-aarch64.pkg.tar.xz	https://archlinuxarm.org/packages/aarch64/espeak-ng	https://archlinuxarm.org/packages/aarch64/espeak-ng/files
live	extra	exempi	exempi	2.6.6-3	aarch64	exempi-2.6.6-3-aarch64.pkg.tar.xz	1295c4cbe90317c62dd94bcda3f2b5c26d48403c15d44938498253da94a55032	551836	2015306	https://mirror.archlinuxarm.org/aarch64/extra/exempi-2.6.6-3-aarch64.pkg.tar.xz	https://archlinuxarm.org/packages/aarch64/exempi	https://archlinuxarm.org/packages/aarch64/exempi/files
live	extra	exfatprogs	exfatprogs	1.4.2-1	aarch64	exfatprogs-1.4.2-1-aarch64.pkg.tar.xz	ca6209021b2e77157bc19a4b19a37f4a456cad2b4577643ce0fa5711dfcd1379	102948	708367	https://mirror.archlinuxarm.org/aarch64/extra/exfatprogs-1.4.2-1-aarch64.pkg.tar.xz	https://archlinuxarm.org/packages/aarch64/exfatprogs	https://archlinuxarm.org/packages/aarch64/exfatprogs/files
live	extra	exiv2	exiv2	0.28.8-2	aarch64	exiv2-0.28.8-2-aarch64.pkg.tar.xz	b71a7fce8f43fc3732c8b044560e5a1ab2859b44a87712849adccfa27584be98	2772136	17755397	https://mirror.archlinuxarm.org/aarch64/extra/exiv2-0.28.8-2-aarch64.pkg.tar.xz	https://archlinuxarm.org/packages/aarch64/exiv2	https://archlinuxarm.org/packages/aarch64/exiv2/files
live+build	core	expat	expat	2.8.2-1	aarch64	expat-2.8.2-1-aarch64.pkg.tar.xz	af2d8cc707507b0e4b0e858c71c2708fadb9e6e59f530849cd303ceacd77e0b6	114780	557732	https://mirror.archlinuxarm.org/aarch64/core/expat-2.8.2-1-aarch64.pkg.tar.xz	https://archlinuxarm.org/packages/aarch64/expat	https://archlinuxarm.org/packages/aarch64/expat/files
build	core	fakeroot	fakeroot	1:1.37.2-2	aarch64	fakeroot-1:1.37.2-2-aarch64.pkg.tar.xz	e4e1a4e0117c7528ef446313327975bc0d1430c77887e743a4ed8a5250285fa4	77532	190266	https://mirror.archlinuxarm.org/aarch64/core/fakeroot-1:1.37.2-2-aarch64.pkg.tar.xz	https://archlinuxarm.org/packages/aarch64/fakeroot	https://archlinuxarm.org/packages/aarch64/fakeroot/files
live	extra	ffmpeg	ffmpeg	2:8.1.2-10	aarch64	ffmpeg-2:8.1.2-10-aarch64.pkg.tar.xz	678a3d4e59f1148456d8aa7f639d2caa28409dfef6c3f42cf2559f47e2f698d5	13020248	44358862	https://mirror.archlinuxarm.org/aarch64/extra/ffmpeg-2:8.1.2-10-aarch64.pkg.tar.xz	https://archlinuxarm.org/packages/aarch64/ffmpeg	https://archlinuxarm.org/packages/aarch64/ffmpeg/files
live	extra	fftw	fftw	3.3.11-1	aarch64	fftw-3.3.11-1-aarch64.pkg.tar.xz	0d6b54edd0e73ec3f0e1496d2261834cf98eae71b4489c64a0ef6e6509d2e9b9	1505896	5352845	https://mirror.archlinuxarm.org/aarch64/extra/fftw-3.3.11-1-aarch64.pkg.tar.xz	https://archlinuxarm.org/packages/aarch64/fftw	https://archlinuxarm.org/packages/aarch64/fftw/files
live+build	core	file	file	5.48-1	aarch64	file-5.48-1-aarch64.pkg.tar.xz	252f52d77890f17c8321d26f9ddefcbb34aef7f4e8b701c6bfea1e81a5f0bc88	431204	11090666	https://mirror.archlinuxarm.org/aarch64/core/file-5.48-1-aarch64.pkg.tar.xz	https://archlinuxarm.org/packages/aarch64/file	https://archlinuxarm.org/packages/aarch64/file/files
live+build	core	filesystem	filesystem	2025.10.12-1	any	filesystem-2025.10.12-1-any.pkg.tar.xz	228b63ef4a88501a68856231a19325a1ad31d92016a692d0a8be181edc70703f	14864	24508	https://mirror.archlinuxarm.org/aarch64/core/filesystem-2025.10.12-1-any.pkg.tar.xz	https://archlinuxarm.org/packages/aarch64/filesystem	https://archlinuxarm.org/packages/aarch64/filesystem/files
live+build	core	findutils	findutils	4.11.0-1	aarch64	findutils-4.11.0-1-aarch64.pkg.tar.xz	83bacaa55d1b28e5d800adf969221458695f0eb5cf7d300e2cb26a7b78f9c321	509248	2088196	https://mirror.archlinuxarm.org/aarch64/core/findutils-4.11.0-1-aarch64.pkg.tar.xz	https://archlinuxarm.org/packages/aarch64/findutils	https://archlinuxarm.org/packages/aarch64/findutils/files
live	extra	firefox	firefox	153.0-1	aarch64	firefox-153.0-1-aarch64.pkg.tar.xz	e96d61b895d5b33fc4f5038ee5357dc9dcdbc4e4195c02c128a4de73b3b00948	68989572	280945048	https://mirror.archlinuxarm.org/aarch64/extra/firefox-153.0-1-aarch64.pkg.tar.xz	https://archlinuxarm.org/packages/aarch64/firefox	https://archlinuxarm.org/packages/aarch64/firefox/files
live	extra	flac	flac	1.5.0-1	aarch64	flac-1.5.0-1-aarch64.pkg.tar.xz	100b54b7c4efbb41f1f18a560825477f9f403b6996a226dd86ca5227f0a6b83e	276816	1324734	https://mirror.archlinuxarm.org/aarch64/extra/flac-1.5.0-1-aarch64.pkg.tar.xz	https://archlinuxarm.org/packages/aarch64/flac	https://archlinuxarm.org/packages/aarch64/flac/files
live	extra	fontconfig	fontconfig	2:2.18.2-1	aarch64	fontconfig-2:2.18.2-1-aarch64.pkg.tar.xz	9172de1e323bea5c557ec0b55310677d4fee7afb4298a8db8bd58c83a6a92b43	382908	1942006	https://mirror.archlinuxarm.org/aarch64/extra/fontconfig-2:2.18.2-1-aarch64.pkg.tar.xz	https://archlinuxarm.org/packages/aarch64/fontconfig	https://archlinuxarm.org/packages/aarch64/fontconfig/files
live	extra	freeglut	freeglut	3.8.0-1	aarch64	freeglut-3.8.0-1-aarch64.pkg.tar.xz	e1c520135c3180aab2d41181479307a0cd59e92fd1e40a6d565819b1e5a3a03a	179092	552089	https://mirror.archlinuxarm.org/aarch64/extra/freeglut-3.8.0-1-aarch64.pkg.tar.xz	https://archlinuxarm.org/packages/aarch64/freeglut	https://archlinuxarm.org/packages/aarch64/freeglut/files
live	extra	freetype2	freetype2	2.14.3-1	aarch64	freetype2-2.14.3-1-aarch64.pkg.tar.xz	080b6aa7827298e5b92800229d76689e0dbff08cd96690ae75e8feedf6a9ae5d	487400	1746046	https://mirror.archlinuxarm.org/aarch64/extra/freetype2-2.14.3-1-aarch64.pkg.tar.xz	https://archlinuxarm.org/packages/aarch64/freetype2	https://archlinuxarm.org/packages/aarch64/freetype2/files
live	extra	fribidi	fribidi	1.0.16-2	aarch64	fribidi-1.0.16-2-aarch64.pkg.tar.xz	fb67c8b4fff88abc70ca28e3033844f783f2df9dea3d0212d21013e2e316fc88	70548	308742	https://mirror.archlinuxarm.org/aarch64/extra/fribidi-1.0.16-2-aarch64.pkg.tar.xz	https://archlinuxarm.org/packages/aarch64/fribidi	https://archlinuxarm.org/packages/aarch64/fribidi/files
live	extra	fuse-common	fuse3	3.18.2-1	aarch64	fuse-common-3.18.2-1-aarch64.pkg.tar.xz	d66b3032b9dbe6f313673e233ab8ed5de697f270a855358bfff6263e628aca44	2760	725	https://mirror.archlinuxarm.org/aarch64/extra/fuse-common-3.18.2-1-aarch64.pkg.tar.xz	https://archlinuxarm.org/packages/aarch64/fuse-common	https://archlinuxarm.org/packages/aarch64/fuse-common/files
live	extra	fuse2	fuse2	2.9.9-5	aarch64	fuse2-2.9.9-5-aarch64.pkg.tar.xz	6b40b2b99746bdf4cfd532fa454186f154ed3fa9cd358f700bdd41501a2c93bc	111640	732410	https://mirror.archlinuxarm.org/aarch64/extra/fuse2-2.9.9-5-aarch64.pkg.tar.xz	https://archlinuxarm.org/packages/aarch64/fuse2	https://archlinuxarm.org/packages/aarch64/fuse2/files
live	extra	fuse3	fuse3	3.18.2-1	aarch64	fuse3-3.18.2-1-aarch64.pkg.tar.xz	f3b02e00e3f0bc70585a0507303195bb394e1762da5217893f0c4414b2fa17ae	129232	715285	https://mirror.archlinuxarm.org/aarch64/extra/fuse3-3.18.2-1-aarch64.pkg.tar.xz	https://archlinuxarm.org/packages/aarch64/fuse3	https://archlinuxarm.org/packages/aarch64/fuse3/files
live+build	core	gawk	gawk	5.4.1-1	aarch64	gawk-5.4.1-1-aarch64.pkg.tar.xz	340dcceea87ca9274cf7e6597b8c87aa495b4cdcb9470dc9ef4428a27612d6ca	1450720	5114836	https://mirror.archlinuxarm.org/aarch64/core/gawk-5.4.1-1-aarch64.pkg.tar.xz	https://archlinuxarm.org/packages/aarch64/gawk	https://archlinuxarm.org/packages/aarch64/gawk/files
live	core	gcc-libs	gcc	16.1.1+r12+g301eb08fa2c5-1	aarch64	gcc-libs-16.1.1+r12+g301eb08fa2c5-1-aarch64.pkg.tar.xz	28dc936393f6ba45fee433a58fb1c6c0648aa4500131087fded719c22e2fc222	2552	0	https://mirror.archlinuxarm.org/aarch64/core/gcc-libs-16.1.1+r12+g301eb08fa2c5-1-aarch64.pkg.tar.xz	https://archlinuxarm.org/packages/aarch64/gcc-libs	https://archlinuxarm.org/packages/aarch64/gcc-libs/files
live	extra	gcr	gcr	3.41.2-2	aarch64	gcr-3.41.2-2-aarch64.pkg.tar.xz	09b5bcb097743f9334c17f30deb7d1f05024285926a09c8c8d9f373cc69d6b90	695708	4567029	https://mirror.archlinuxarm.org/aarch64/extra/gcr-3.41.2-2-aarch64.pkg.tar.xz	https://archlinuxarm.org/packages/aarch64/gcr	https://archlinuxarm.org/packages/aarch64/gcr/files
live	extra	gcr-4	gcr-4	4.4.0.1-1	aarch64	gcr-4-4.4.0.1-1-aarch64.pkg.tar.xz	9c806a40509cc0e191856eff60e867a34a492f65440ea0e146651b4ac84972b5	515084	3596590	https://mirror.archlinuxarm.org/aarch64/extra/gcr-4-4.4.0.1-1-aarch64.pkg.tar.xz	https://archlinuxarm.org/packages/aarch64/gcr-4	https://archlinuxarm.org/packages/aarch64/gcr-4/files
live	extra	gd	gd	2.3.3-9	aarch64	gd-2.3.3-9-aarch64.pkg.tar.xz	ada6619e298f3fbf8c29b397320c72077ac31d26ca8e3ac6aa2519ac75c614e6	141372	1328182	https://mirror.archlinuxarm.org/aarch64/extra/gd-2.3.3-9-aarch64.pkg.tar.xz	https://archlinuxarm.org/packages/aarch64/gd	https://archlinuxarm.org/packages/aarch64/gd/files
live+build	core	gdbm	gdbm	1.26-2	aarch64	gdbm-1.26-2-aarch64.pkg.tar.xz	123df7945d23eb31262dc108bdf057b74cd93f13e782b99dfe077c51daabd222	246820	1014364	https://mirror.archlinuxarm.org/aarch64/core/gdbm-1.26-2-aarch64.pkg.tar.xz	https://archlinuxarm.org/packages/aarch64/gdbm	https://archlinuxarm.org/packages/aarch64/gdbm/files
live	extra	gdk-pixbuf2	gdk-pixbuf2	2.44.6-2	aarch64	gdk-pixbuf2-2.44.6-2-aarch64.pkg.tar.xz	b82777737dc0bd778040595ef78f73b9f03c06f4e45320490f5dbf80e393b657	446168	3307644	https://mirror.archlinuxarm.org/aarch64/extra/gdk-pixbuf2-2.44.6-2-aarch64.pkg.tar.xz	https://archlinuxarm.org/packages/aarch64/gdk-pixbuf2	https://archlinuxarm.org/packages/aarch64/gdk-pixbuf2/files
live	extra	gdm	gdm	50.1-1	aarch64	gdm-50.1-1-aarch64.pkg.tar.xz	c04db8632c964df468f0e709e302156ee31c8f5684600ca61aa8f440498405fc	805472	5866369	https://mirror.archlinuxarm.org/aarch64/extra/gdm-50.1-1-aarch64.pkg.tar.xz	https://archlinuxarm.org/packages/aarch64/gdm	https://archlinuxarm.org/packages/aarch64/gdm/files
live	extra	geoclue	geoclue	2.8.2-1	aarch64	geoclue-2.8.2-1-aarch64.pkg.tar.xz	ed17c5a06c89bf55c1c114a0235920e1663b6be2e8b5cc11dcb5b75e17a5a1ff	207260	1674757	https://mirror.archlinuxarm.org/aarch64/extra/geoclue-2.8.2-1-aarch64.pkg.tar.xz	https://archlinuxarm.org/packages/aarch64/geoclue	https://archlinuxarm.org/packages/aarch64/geoclue/files
live	extra	geocode-glib	geocode-glib	3.26.4-6	aarch64	geocode-glib-3.26.4-6-aarch64.pkg.tar.xz	7a23482831fa8922fc8af289f29d8322d7e1b3f5a596646be7a57e066d3faeac	66480	486013	https://mirror.archlinuxarm.org/aarch64/extra/geocode-glib-3.26.4-6-aarch64.pkg.tar.xz	https://archlinuxarm.org/packages/aarch64/geocode-glib	https://archlinuxarm.org/packages/aarch64/geocode-glib/files
live+build	core	gettext	gettext	1.0-2	aarch64	gettext-1.0-2-aarch64.pkg.tar.xz	7669379e3f21f475e1d67122b0b2a401de5fa2c5769b1605df3cf3094e4fd28e	3228328	23978767	https://mirror.archlinuxarm.org/aarch64/core/gettext-1.0-2-aarch64.pkg.tar.xz	https://archlinuxarm.org/packages/aarch64/gettext	https://archlinuxarm.org/packages/aarch64/gettext/files
live	extra	gexiv2	gexiv2	0.16.1-1	aarch64	gexiv2-0.16.1-1-aarch64.pkg.tar.xz	ce466f65a018166a338f8bfba0ff59df5e5ad13752e838df26f64e9040e445c4	86804	604568	https://mirror.archlinuxarm.org/aarch64/extra/gexiv2-0.16.1-1-aarch64.pkg.tar.xz	https://archlinuxarm.org/packages/aarch64/gexiv2	https://archlinuxarm.org/packages/aarch64/gexiv2/files
live	extra	giflib	giflib	6.1.3-2	aarch64	giflib-6.1.3-2-aarch64.pkg.tar.xz	e76eb0af39d3d9bb7a5f792d3040c7524c49bbe69395df54e4193a4510ed2e87	85008	538261	https://mirror.archlinuxarm.org/aarch64/extra/giflib-6.1.3-2-aarch64.pkg.tar.xz	https://archlinuxarm.org/packages/aarch64/giflib	https://archlinuxarm.org/packages/aarch64/giflib/files
live	extra	gjs	gjs	2:1.88.1-1	aarch64	gjs-2:1.88.1-1-aarch64.pkg.tar.xz	a568c0c7c50660a01438a43bc04616e94f99280d092e1d1160f965311dc54eb3	612772	3030093	https://mirror.archlinuxarm.org/aarch64/extra/gjs-2:1.88.1-1-aarch64.pkg.tar.xz	https://archlinuxarm.org/packages/aarch64/gjs	https://archlinuxarm.org/packages/aarch64/gjs/files
live	extra	glib-networking	glib-networking	1:2.80.1-1	aarch64	glib-networking-1:2.80.1-1-aarch64.pkg.tar.xz	d87397c1f18ee54a993b4c35761cf2dca40d4095092714970237d3a6b3c02d31	133624	897136	https://mirror.archlinuxarm.org/aarch64/extra/glib-networking-1:2.80.1-1-aarch64.pkg.tar.xz	https://archlinuxarm.org/packages/aarch64/glib-networking	https://archlinuxarm.org/packages/aarch64/glib-networking/files
live+build	core	glib2	glib2	2.88.2-1	aarch64	glib2-2.88.2-1-aarch64.pkg.tar.xz	662ee8c1c9546b10e394cac1d25205417b76580fab5d51524c5377e10024b34c	4904524	43102010	https://mirror.archlinuxarm.org/aarch64/core/glib2-2.88.2-1-aarch64.pkg.tar.xz	https://archlinuxarm.org/packages/aarch64/glib2	https://archlinuxarm.org/packages/aarch64/glib2/files
live+build	core	glibc	glibc	2.43+r22+g8362e8ce10b2-2	aarch64	glibc-2.43+r22+g8362e8ce10b2-2-aarch64.pkg.tar.xz	8fac217e98c6e4342326726b2640ac254e8c82032f06f30bfa13ebbcc4fcb25b	9676568	60014558	https://mirror.archlinuxarm.org/aarch64/core/glibc-2.43+r22+g8362e8ce10b2-2-aarch64.pkg.tar.xz	https://archlinuxarm.org/packages/aarch64/glibc	https://archlinuxarm.org/packages/aarch64/glibc/files
live	extra	glibmm	glibmm	2.66.9-1	aarch64	glibmm-2.66.9-1-aarch64.pkg.tar.xz	d6c4f896f13c93d46f39b4261ea20123313f001ae0b5a599749f26f255a4b9b9	945652	6537993	https://mirror.archlinuxarm.org/aarch64/extra/glibmm-2.66.9-1-aarch64.pkg.tar.xz	https://archlinuxarm.org/packages/aarch64/glibmm	https://archlinuxarm.org/packages/aarch64/glibmm/files
live	extra	glibmm-2.68	glibmm-2.68	2.88.1-1	aarch64	glibmm-2.68-2.88.1-1-aarch64.pkg.tar.xz	c5f2559b3b81ad413119bdcc2b29ae5bb027eedd5ed93b98b6e117b036dbd95a	1028024	7196210	https://mirror.archlinuxarm.org/aarch64/extra/glibmm-2.68-2.88.1-1-aarch64.pkg.tar.xz	https://archlinuxarm.org/packages/aarch64/glibmm-2.68	https://archlinuxarm.org/packages/aarch64/glibmm-2.68/files
live	extra	glslang	glslang	1:1.4.350.1-1	aarch64	glslang-1:1.4.350.1-1-aarch64.pkg.tar.xz	2419426c2c9e9c700e8507943e374615e761174d755bd9e13eb1593d9af5c328	2090968	13761589	https://mirror.archlinuxarm.org/aarch64/extra/glslang-1:1.4.350.1-1-aarch64.pkg.tar.xz	https://archlinuxarm.org/packages/aarch64/glslang	https://archlinuxarm.org/packages/aarch64/glslang/files
live	extra	glu	glu	9.0.3-3	aarch64	glu-9.0.3-3-aarch64.pkg.tar.xz	11681b09efcadbdcec919b86ebf1a936a9b4b8b5daeeded0bd716151c2354f40	168104	543820	https://mirror.archlinuxarm.org/aarch64/extra/glu-9.0.3-3-aarch64.pkg.tar.xz	https://archlinuxarm.org/packages/aarch64/glu	https://archlinuxarm.org/packages/aarch64/glu/files
live	extra	glycin	glycin	2.1.5-2	aarch64	glycin-2.1.5-2-aarch64.pkg.tar.xz	4e81cfef254f37e444a35c15d023f2fcdbd1586e8b48f47899ed9d81c52e9f4c	3357200	16751792	https://mirror.archlinuxarm.org/aarch64/extra/glycin-2.1.5-2-aarch64.pkg.tar.xz	https://archlinuxarm.org/packages/aarch64/glycin	https://archlinuxarm.org/packages/aarch64/glycin/files
live	extra	glycin-gtk4	glycin	2.1.5-2	aarch64	glycin-gtk4-2.1.5-2-aarch64.pkg.tar.xz	2b349ddebbda0097cbcb492b78c0455c790bf278d5d04df9c23ad44a0afe48d5	111836	260007	https://mirror.archlinuxarm.org/aarch64/extra/glycin-gtk4-2.1.5-2-aarch64.pkg.tar.xz	https://archlinuxarm.org/packages/aarch64/glycin-gtk4	https://archlinuxarm.org/packages/aarch64/glycin-gtk4/files
live+build	core	gmp	gmp	6.3.0-3	aarch64	gmp-6.3.0-3-aarch64.pkg.tar.xz	720607bed2249dd8cd0304b6cf4102884fa2ca24c21444f007bc12af542ea6c5	380364	946243	https://mirror.archlinuxarm.org/aarch64/core/gmp-6.3.0-3-aarch64.pkg.tar.xz	https://archlinuxarm.org/packages/aarch64/gmp	https://archlinuxarm.org/packages/aarch64/gmp/files
live	extra	gnome-autoar	gnome-autoar	0.4.5-1	aarch64	gnome-autoar-0.4.5-1-aarch64.pkg.tar.xz	7bd60bc247059c217777c104c7a7433adae0c33bf2aba4193f3a7f11c74437d2	67444	633449	https://mirror.archlinuxarm.org/aarch64/extra/gnome-autoar-0.4.5-1-aarch64.pkg.tar.xz	https://archlinuxarm.org/packages/aarch64/gnome-autoar	https://archlinuxarm.org/packages/aarch64/gnome-autoar/files
live	extra	gnome-bluetooth-3.0	gnome-bluetooth-3.0	47.2-1	aarch64	gnome-bluetooth-3.0-47.2-1-aarch64.pkg.tar.xz	d6d7a68bfde66a8ed73951d0c61c92fdedc7fbea2cfa760f04fa088e590916a1	246708	1433660	https://mirror.archlinuxarm.org/aarch64/extra/gnome-bluetooth-3.0-47.2-1-aarch64.pkg.tar.xz	https://archlinuxarm.org/packages/aarch64/gnome-bluetooth-3.0	https://archlinuxarm.org/packages/aarch64/gnome-bluetooth-3.0/files
live	extra	gnome-color-manager	gnome-color-manager	3.36.2-1	aarch64	gnome-color-manager-3.36.2-1-aarch64.pkg.tar.xz	0552b3404880bc86b868a8a03674e2a5dd7f914e0ea34c54942f3914a4de132d	1042264	3384091	https://mirror.archlinuxarm.org/aarch64/extra/gnome-color-manager-3.36.2-1-aarch64.pkg.tar.xz	https://archlinuxarm.org/packages/aarch64/gnome-color-manager	https://archlinuxarm.org/packages/aarch64/gnome-color-manager/files
live	extra	gnome-console	gnome-console	50.0-1	aarch64	gnome-console-50.0-1-aarch64.pkg.tar.xz	3621707a556dc2ba9cc8f32e6ce0afaf7463436ec03b24f6e8c23796c61dde94	218816	1102356	https://mirror.archlinuxarm.org/aarch64/extra/gnome-console-50.0-1-aarch64.pkg.tar.xz	https://archlinuxarm.org/packages/aarch64/gnome-console	https://archlinuxarm.org/packages/aarch64/gnome-console/files
live	extra	gnome-control-center	gnome-control-center	50.3-1	aarch64	gnome-control-center-50.3-1-aarch64.pkg.tar.xz	f65761310fae9985fe4752f32c79fd6af36c8e54b674a8dc51e622b60c3b1de2	5624316	24974306	https://mirror.archlinuxarm.org/aarch64/extra/gnome-control-center-50.3-1-aarch64.pkg.tar.xz	https://archlinuxarm.org/packages/aarch64/gnome-control-center	https://archlinuxarm.org/packages/aarch64/gnome-control-center/files
live	extra	gnome-desktop-4	gnome-desktop	1:44.5-1	aarch64	gnome-desktop-4-1:44.5-1-aarch64.pkg.tar.xz	79b7fc0be94ffaf20d2f7fa06265f3b431ac18308ece982addf28d69fc3f1bfe	117748	731373	https://mirror.archlinuxarm.org/aarch64/extra/gnome-desktop-4-1:44.5-1-aarch64.pkg.tar.xz	https://archlinuxarm.org/packages/aarch64/gnome-desktop-4	https://archlinuxarm.org/packages/aarch64/gnome-desktop-4/files
live	extra	gnome-desktop-common	gnome-desktop	1:44.5-1	aarch64	gnome-desktop-common-1:44.5-1-aarch64.pkg.tar.xz	5a103eac06906d162150cbbe002aecbc77e09a154d1dac039730f93b64aa0df4	433276	2564950	https://mirror.archlinuxarm.org/aarch64/extra/gnome-desktop-common-1:44.5-1-aarch64.pkg.tar.xz	https://archlinuxarm.org/packages/aarch64/gnome-desktop-common	https://archlinuxarm.org/packages/aarch64/gnome-desktop-common/files
live	extra	gnome-disk-utility	gnome-disk-utility	46.1-2	aarch64	gnome-disk-utility-46.1-2-aarch64.pkg.tar.xz	938af8b61896c4d010b1f112e6ef824c93174ad2ec722bccbf8d3a8ae08eccbc	992260	7059726	https://mirror.archlinuxarm.org/aarch64/extra/gnome-disk-utility-46.1-2-aarch64.pkg.tar.xz	https://archlinuxarm.org/packages/aarch64/gnome-disk-utility	https://archlinuxarm.org/packages/aarch64/gnome-disk-utility/files
live	extra	gnome-keybindings	gnome-control-center	50.3-1	aarch64	gnome-keybindings-50.3-1-aarch64.pkg.tar.xz	8f8ebbbb27580f7613a64d830d92479a15745115e63a7945e0550524bf1027e3	7552	4428	https://mirror.archlinuxarm.org/aarch64/extra/gnome-keybindings-50.3-1-aarch64.pkg.tar.xz	https://archlinuxarm.org/packages/aarch64/gnome-keybindings	https://archlinuxarm.org/packages/aarch64/gnome-keybindings/files
live	extra	gnome-keyring	gnome-keyring	1:50.0-1	aarch64	gnome-keyring-1:50.0-1-aarch64.pkg.tar.xz	482f6af68a4cee4063041183865d538d60f1bff1b6c0c54fc20fbc407668e5c4	687788	4943831	https://mirror.archlinuxarm.org/aarch64/extra/gnome-keyring-1:50.0-1-aarch64.pkg.tar.xz	https://archlinuxarm.org/packages/aarch64/gnome-keyring	https://archlinuxarm.org/packages/aarch64/gnome-keyring/files
live	extra	gnome-logs	gnome-logs	50.0-1	aarch64	gnome-logs-50.0-1-aarch64.pkg.tar.xz	bdc4c5dcbe51d27549f3305c8886c9c30371f97447a0624fbf2d450150917682	627892	1524757	https://mirror.archlinuxarm.org/aarch64/extra/gnome-logs-50.0-1-aarch64.pkg.tar.xz	https://archlinuxarm.org/packages/aarch64/gnome-logs	https://archlinuxarm.org/packages/aarch64/gnome-logs/files
live	extra	gnome-online-accounts	gnome-online-accounts	3.58.1-1	aarch64	gnome-online-accounts-3.58.1-1-aarch64.pkg.tar.xz	7a0bddc814dfe307ba52a2884eb01addc042da7defb6eaa120e6c183ef9cf905	368648	2093526	https://mirror.archlinuxarm.org/aarch64/extra/gnome-online-accounts-3.58.1-1-aarch64.pkg.tar.xz	https://archlinuxarm.org/packages/aarch64/gnome-online-accounts	https://archlinuxarm.org/packages/aarch64/gnome-online-accounts/files
live	extra	gnome-session	gnome-session	50.1-1	aarch64	gnome-session-50.1-1-aarch64.pkg.tar.xz	9f73d91ca535074c7f6a8bc004bcb528cc8a632d03693a379e705a3eb9288e58	268400	1588667	https://mirror.archlinuxarm.org/aarch64/extra/gnome-session-50.1-1-aarch64.pkg.tar.xz	https://archlinuxarm.org/packages/aarch64/gnome-session	https://archlinuxarm.org/packages/aarch64/gnome-session/files
live	extra	gnome-settings-daemon	gnome-settings-daemon	50.1-1	aarch64	gnome-settings-daemon-50.1-1-aarch64.pkg.tar.xz	b6b414d59f6eb08c35ac8ff5b8557cdf4bfdb0e0ae145166f117bf114195e212	892304	6981593	https://mirror.archlinuxarm.org/aarch64/extra/gnome-settings-daemon-50.1-1-aarch64.pkg.tar.xz	https://archlinuxarm.org/packages/aarch64/gnome-settings-daemon	https://archlinuxarm.org/packages/aarch64/gnome-settings-daemon/files
live	extra	gnome-shell	gnome-shell	1:50.3-1	aarch64	gnome-shell-1:50.3-1-aarch64.pkg.tar.xz	c9c5cacac0e5fa21b58fdec14d48989c8b313c9b75263cdf10763c674e841e38	1721640	15306070	https://mirror.archlinuxarm.org/aarch64/extra/gnome-shell-1:50.3-1-aarch64.pkg.tar.xz	https://archlinuxarm.org/packages/aarch64/gnome-shell	https://archlinuxarm.org/packages/aarch64/gnome-shell/files
live	extra	gnome-sound-recorder	gnome-sound-recorder	42.0-5	any	gnome-sound-recorder-42.0-5-any.pkg.tar.xz	1be4aeb5325283a3cbef5f8d34145402c1387d44ec7937f1c14ee2f6c9cde2f5	102676	538071	https://mirror.archlinuxarm.org/aarch64/extra/gnome-sound-recorder-42.0-5-any.pkg.tar.xz	https://archlinuxarm.org/packages/aarch64/gnome-sound-recorder	https://archlinuxarm.org/packages/aarch64/gnome-sound-recorder/files
live	extra	gnome-system-monitor	gnome-system-monitor	50.0-1	aarch64	gnome-system-monitor-50.0-1-aarch64.pkg.tar.xz	8922944f69fc05e8d294d3840e9a88e6786352859fae4b629c9605db16abfc67	801252	5637013	https://mirror.archlinuxarm.org/aarch64/extra/gnome-system-monitor-50.0-1-aarch64.pkg.tar.xz	https://archlinuxarm.org/packages/aarch64/gnome-system-monitor	https://archlinuxarm.org/packages/aarch64/gnome-system-monitor/files
live	extra	gnome-text-editor	gnome-text-editor	50.1-1	aarch64	gnome-text-editor-50.1-1-aarch64.pkg.tar.xz	2a37dc3e9450369b960f2b4347dfcb468dbfd0904838620a708611c9bae7f660	629632	2724179	https://mirror.archlinuxarm.org/aarch64/extra/gnome-text-editor-50.1-1-aarch64.pkg.tar.xz	https://archlinuxarm.org/packages/aarch64/gnome-text-editor	https://archlinuxarm.org/packages/aarch64/gnome-text-editor/files
live+build	core	gnulib-l10n	gnulib-l10n	20241231-1	any	gnulib-l10n-20241231-1-any.pkg.tar.xz	327f76bf5e7c211ee8b16f9ea29458426bfe18fa153d66dcd2557a38f369f608	109488	644166	https://mirror.archlinuxarm.org/aarch64/core/gnulib-l10n-20241231-1-any.pkg.tar.xz	https://archlinuxarm.org/packages/aarch64/gnulib-l10n	https://archlinuxarm.org/packages/aarch64/gnulib-l10n/files
live+build	core	gnupg	gnupg	2.4.9-2	aarch64	gnupg-2.4.9-2-aarch64.pkg.tar.xz	f5b4d3503321de940934f78bb3264c5c08dc26ac0a74cb603dc357dc2fb16ffc	2765268	14655828	https://mirror.archlinuxarm.org/aarch64/core/gnupg-2.4.9-2-aarch64.pkg.tar.xz	https://archlinuxarm.org/packages/aarch64/gnupg	https://archlinuxarm.org/packages/aarch64/gnupg/files
live+build	core	gnutls	gnutls	3.8.13-2	aarch64	gnutls-3.8.13-2-aarch64.pkg.tar.xz	4c5b543d95853533e700a003ee03c667e6172e97ef0d9f544ba8f53110c961e1	1735108	9687510	https://mirror.archlinuxarm.org/aarch64/core/gnutls-3.8.13-2-aarch64.pkg.tar.xz	https://archlinuxarm.org/packages/aarch64/gnutls	https://archlinuxarm.org/packages/aarch64/gnutls/files
live	extra	gobject-introspection-runtime	gobject-introspection	1.86.0-2	aarch64	gobject-introspection-runtime-1.86.0-2-aarch64.pkg.tar.xz	fe0d6a936340bf8b6752d96f198f130ad0fdbc39521dd71257346f297a0287ae	30644	154460	https://mirror.archlinuxarm.org/aarch64/extra/gobject-introspection-runtime-1.86.0-2-aarch64.pkg.tar.xz	https://archlinuxarm.org/packages/aarch64/gobject-introspection-runtime	https://archlinuxarm.org/packages/aarch64/gobject-introspection-runtime/files
live	extra	gparted	gparted	1.8.1-2	aarch64	gparted-1.8.1-2-aarch64.pkg.tar.xz	250677474ee6f2e6d30de3c82a6756f4de6c2d343a5cb0400de696f5f0c8a0bf	1975600	8206583	https://mirror.archlinuxarm.org/aarch64/extra/gparted-1.8.1-2-aarch64.pkg.tar.xz	https://archlinuxarm.org/packages/aarch64/gparted	https://archlinuxarm.org/packages/aarch64/gparted/files
live	extra	gperftools	gperftools	2.18.1-1	aarch64	gperftools-2.18.1-1-aarch64.pkg.tar.xz	3cc5b9b683c6c783694759b2de1c618d7c20c3a36e9d8cb29eeeb0ca20fe8bbc	469944	2332244	https://mirror.archlinuxarm.org/aarch64/extra/gperftools-2.18.1-1-aarch64.pkg.tar.xz	https://archlinuxarm.org/packages/aarch64/gperftools	https://archlinuxarm.org/packages/aarch64/gperftools/files
live+build	core	gpgme	gpgme	2.1.2-1	aarch64	gpgme-2.1.2-1-aarch64.pkg.tar.xz	d9fad779614e83dbdb5f1e4c7c26100c8579fc27aeb815de9d0e23823294ae41	311680	1026018	https://mirror.archlinuxarm.org/aarch64/core/gpgme-2.1.2-1-aarch64.pkg.tar.xz	https://archlinuxarm.org/packages/aarch64/gpgme	https://archlinuxarm.org/packages/aarch64/gpgme/files
live	extra	gpgmepp	gpgmepp	2.1.0-1	aarch64	gpgmepp-2.1.0-1-aarch64.pkg.tar.xz	4fa906abb777058a6064d39d39086f5b504d95b4e0b674ce127d2f34bf0f179a	150896	708442	https://mirror.archlinuxarm.org/aarch64/extra/gpgmepp-2.1.0-1-aarch64.pkg.tar.xz	https://archlinuxarm.org/packages/aarch64/gpgmepp	https://archlinuxarm.org/packages/aarch64/gpgmepp/files
live	core	gpm	gpm	1.20.7.r38.ge82d1a6-6	aarch64	gpm-1.20.7.r38.ge82d1a6-6-aarch64.pkg.tar.xz	444ec3a472e4ab12cada600eb9028918b9de15d634ea5253eab3f7d1cb89b746	135012	868931	https://mirror.archlinuxarm.org/aarch64/core/gpm-1.20.7.r38.ge82d1a6-6-aarch64.pkg.tar.xz	https://archlinuxarm.org/packages/aarch64/gpm	https://archlinuxarm.org/packages/aarch64/gpm/files
live	extra	gptfdisk	gptfdisk	1.0.10-2	aarch64	gptfdisk-1.0.10-2-aarch64.pkg.tar.xz	1a27b82c004a661a483fa2f1daf37253f997424c178992337655e054219a6bfe	195704	1038715	https://mirror.archlinuxarm.org/aarch64/extra/gptfdisk-1.0.10-2-aarch64.pkg.tar.xz	https://archlinuxarm.org/packages/aarch64/gptfdisk	https://archlinuxarm.org/packages/aarch64/gptfdisk/files
live	extra	graphene	graphene	1.10.8-2.1	aarch64	graphene-1.10.8-2.1-aarch64.pkg.tar.xz	2f928a829385d79626cba58fcc111f8f930d1ae951d83f405813a3886ab9ec7b	103788	1041845	https://mirror.archlinuxarm.org/aarch64/extra/graphene-1.10.8-2.1-aarch64.pkg.tar.xz	https://archlinuxarm.org/packages/aarch64/graphene	https://archlinuxarm.org/packages/aarch64/graphene/files
live	extra	graphite	graphite	1:1.3.15-1	aarch64	graphite-1:1.3.15-1-aarch64.pkg.tar.xz	87c700c71585c7f44f951928184deb690a78d39ad36ea9b6c07c59d7592e4c92	80168	313402	https://mirror.archlinuxarm.org/aarch64/extra/graphite-1:1.3.15-1-aarch64.pkg.tar.xz	https://archlinuxarm.org/packages/aarch64/graphite	https://archlinuxarm.org/packages/aarch64/graphite/files
live+build	core	grep	grep	3.12-2	aarch64	grep-3.12-2-aarch64.pkg.tar.xz	7578277966710eeba59f82665ab6f33984ca11d6c2ab74deccc6f681d61c2027	225556	961145	https://mirror.archlinuxarm.org/aarch64/core/grep-3.12-2-aarch64.pkg.tar.xz	https://archlinuxarm.org/packages/aarch64/grep	https://archlinuxarm.org/packages/aarch64/grep/files
live	core	groff	groff	1.24.1-1	aarch64	groff-1.24.1-1-aarch64.pkg.tar.xz	8ec9305434a4c012e9384aec68010e52033b93ad98bc0ad8869d947ee5d8684d	2393752	11578044	https://mirror.archlinuxarm.org/aarch64/core/groff-1.24.1-1-aarch64.pkg.tar.xz	https://archlinuxarm.org/packages/aarch64/groff	https://archlinuxarm.org/packages/aarch64/groff/files
live+build	core	grub	grub	2:2.14-1.1	aarch64	grub-2:2.14-1.1-aarch64.pkg.tar.xz	cf8470867afde66260a1e59d32ea186cd3493513c785a18a3b0f8b8aacab269c	9410924	59305685	https://mirror.archlinuxarm.org/aarch64/core/grub-2:2.14-1.1-aarch64.pkg.tar.xz	https://archlinuxarm.org/packages/aarch64/grub	https://archlinuxarm.org/packages/aarch64/grub/files
live	extra	gsettings-desktop-schemas	gsettings-desktop-schemas	50.1-1	any	gsettings-desktop-schemas-50.1-1-any.pkg.tar.xz	f1168df169d0166adc756205be0c202f939d0845209c7e8010e452760e18bb26	775924	6379218	https://mirror.archlinuxarm.org/aarch64/extra/gsettings-desktop-schemas-50.1-1-any.pkg.tar.xz	https://archlinuxarm.org/packages/aarch64/gsettings-desktop-schemas	https://archlinuxarm.org/packages/aarch64/gsettings-desktop-schemas/files
live	extra	gsettings-system-schemas	gsettings-desktop-schemas	50.1-1	any	gsettings-system-schemas-50.1-1-any.pkg.tar.xz	790657e711431d6d1adb6977625d59591f4ff2e29e815e334063b602b620fec6	6028	15983	https://mirror.archlinuxarm.org/aarch64/extra/gsettings-system-schemas-50.1-1-any.pkg.tar.xz	https://archlinuxarm.org/packages/aarch64/gsettings-system-schemas	https://archlinuxarm.org/packages/aarch64/gsettings-system-schemas/files
live	extra	gsm	gsm	1.0.24-1	aarch64	gsm-1.0.24-1-aarch64.pkg.tar.xz	b7b47c8ebe3d0ef83875af1235fde8b3fa98fbfea930b380e9765c0cf71e3b0e	36536	145882	https://mirror.archlinuxarm.org/aarch64/extra/gsm-1.0.24-1-aarch64.pkg.tar.xz	https://archlinuxarm.org/packages/aarch64/gsm	https://archlinuxarm.org/packages/aarch64/gsm/files
live	extra	gsound	gsound	1.0.3-4	aarch64	gsound-1.0.3-4-aarch64.pkg.tar.xz	045ee8806cc3f9217f86a52fbf01e7b4f4e1f6307a7e010894d5e8d334920724	39544	373098	https://mirror.archlinuxarm.org/aarch64/extra/gsound-1.0.3-4-aarch64.pkg.tar.xz	https://archlinuxarm.org/packages/aarch64/gsound	https://archlinuxarm.org/packages/aarch64/gsound/files
live	extra	gssdp	gssdp	1.6.6-1	aarch64	gssdp-1.6.6-1-aarch64.pkg.tar.xz	6b4eaa0f2c31b5901b14b306bb4607842dbc3e2c9d5658ad719a1001b8bc5216	55036	325062	https://mirror.archlinuxarm.org/aarch64/extra/gssdp-1.6.6-1-aarch64.pkg.tar.xz	https://archlinuxarm.org/packages/aarch64/gssdp	https://archlinuxarm.org/packages/aarch64/gssdp/files
live	extra	gst-plugin-gtk4	gst-plugins-rs	0.15.3-1	aarch64	gst-plugin-gtk4-0.15.3-1-aarch64.pkg.tar.xz	1012200d6cadafc3763ba1f978c1de7124829733675e4447593ffbd65642c56a	267232	811458	https://mirror.archlinuxarm.org/aarch64/extra/gst-plugin-gtk4-0.15.3-1-aarch64.pkg.tar.xz	https://archlinuxarm.org/packages/aarch64/gst-plugin-gtk4	https://archlinuxarm.org/packages/aarch64/gst-plugin-gtk4/files
live	extra	gst-plugin-libcamera	libcamera	0.7.2-3	aarch64	gst-plugin-libcamera-0.7.2-3-aarch64.pkg.tar.xz	33fd8092c0c9b96b15b03e5d733c6a71c4342c0d091387e9c3e5ab52d62ae226	54840	199080	https://mirror.archlinuxarm.org/aarch64/extra/gst-plugin-libcamera-0.7.2-3-aarch64.pkg.tar.xz	https://archlinuxarm.org/packages/aarch64/gst-plugin-libcamera	https://archlinuxarm.org/packages/aarch64/gst-plugin-libcamera/files
live	extra	gst-plugin-pipewire	pipewire	1:1.6.8-1	aarch64	gst-plugin-pipewire-1:1.6.8-1-aarch64.pkg.tar.xz	3aeecdc54796a7cd390534971830450c925e913b67598f9d2f36d428ce813ef6	78896	265642	https://mirror.archlinuxarm.org/aarch64/extra/gst-plugin-pipewire-1:1.6.8-1-aarch64.pkg.tar.xz	https://archlinuxarm.org/packages/aarch64/gst-plugin-pipewire	https://archlinuxarm.org/packages/aarch64/gst-plugin-pipewire/files
live	extra	gst-plugins-bad-libs	gstreamer	1.28.5-2	aarch64	gst-plugins-bad-libs-1.28.5-2-aarch64.pkg.tar.xz	879a0412de0bec60f2044b047024e7ca7ae6cc5d03b2cbabdfd7052ddc8421ad	2716724	18251666	https://mirror.archlinuxarm.org/aarch64/extra/gst-plugins-bad-libs-1.28.5-2-aarch64.pkg.tar.xz	https://archlinuxarm.org/packages/aarch64/gst-plugins-bad-libs	https://archlinuxarm.org/packages/aarch64/gst-plugins-bad-libs/files
live	extra	gst-plugins-base	gstreamer	1.28.5-2	aarch64	gst-plugins-base-1.28.5-2-aarch64.pkg.tar.xz	02151321e8df16cae7a7b726d722f3430c94a5bf78701c72e5493da1c0aa2469	192096	803104	https://mirror.archlinuxarm.org/aarch64/extra/gst-plugins-base-1.28.5-2-aarch64.pkg.tar.xz	https://archlinuxarm.org/packages/aarch64/gst-plugins-base	https://archlinuxarm.org/packages/aarch64/gst-plugins-base/files
live	extra	gst-plugins-base-libs	gstreamer	1.28.5-2	aarch64	gst-plugins-base-libs-1.28.5-2-aarch64.pkg.tar.xz	b1aed625579dabadc06a2e1231a79a3ad3a38762009a643448de92c8d3f1731e	2276848	14937520	https://mirror.archlinuxarm.org/aarch64/extra/gst-plugins-base-libs-1.28.5-2-aarch64.pkg.tar.xz	https://archlinuxarm.org/packages/aarch64/gst-plugins-base-libs	https://archlinuxarm.org/packages/aarch64/gst-plugins-base-libs/files
live	extra	gst-plugins-good	gstreamer	1.28.5-2	aarch64	gst-plugins-good-1.28.5-2-aarch64.pkg.tar.xz	b2ff73a1a561190adfb182c8536d6fade6abaf04a89a34e7f58e2c4dafb44736	2058812	10368352	https://mirror.archlinuxarm.org/aarch64/extra/gst-plugins-good-1.28.5-2-aarch64.pkg.tar.xz	https://archlinuxarm.org/packages/aarch64/gst-plugins-good	https://archlinuxarm.org/packages/aarch64/gst-plugins-good/files
live	extra	gstreamer	gstreamer	1.28.5-2	aarch64	gstreamer-1.28.5-2-aarch64.pkg.tar.xz	dd18e98e3af2b972112fc8c04e2d7bd8c6ac208cee778885cf4c5b61c7581ccf	1981196	13159529	https://mirror.archlinuxarm.org/aarch64/extra/gstreamer-1.28.5-2-aarch64.pkg.tar.xz	https://archlinuxarm.org/packages/aarch64/gstreamer	https://archlinuxarm.org/packages/aarch64/gstreamer/files
live	extra	gtest	gtest	1.17.0-2	aarch64	gtest-1.17.0-2-aarch64.pkg.tar.xz	4ffd701870b5280cc246e9a48bbcbfae4c0504f75621db24243d561f364c0613	356456	1932012	https://mirror.archlinuxarm.org/aarch64/extra/gtest-1.17.0-2-aarch64.pkg.tar.xz	https://archlinuxarm.org/packages/aarch64/gtest	https://archlinuxarm.org/packages/aarch64/gtest/files
live	extra	gtk-update-icon-cache	gtk4	1:4.22.4-1	aarch64	gtk-update-icon-cache-1:4.22.4-1-aarch64.pkg.tar.xz	62859f4373314bc4ff24b672f479ea55bc280ffd7e871a202971fceb3089e7cd	17016	69618	https://mirror.archlinuxarm.org/aarch64/extra/gtk-update-icon-cache-1:4.22.4-1-aarch64.pkg.tar.xz	https://archlinuxarm.org/packages/aarch64/gtk-update-icon-cache	https://archlinuxarm.org/packages/aarch64/gtk-update-icon-cache/files
live	extra	gtk3	gtk3	1:3.24.52-1	aarch64	gtk3-1:3.24.52-1-aarch64.pkg.tar.xz	bad14c1e2e4fa9cd662a501d400a3b74858ae5721e28ca42257fdbd7fe632944	8759344	58005990	https://mirror.archlinuxarm.org/aarch64/extra/gtk3-1:3.24.52-1-aarch64.pkg.tar.xz	https://archlinuxarm.org/packages/aarch64/gtk3	https://archlinuxarm.org/packages/aarch64/gtk3/files
live	extra	gtk4	gtk4	1:4.22.4-1	aarch64	gtk4-1:4.22.4-1-aarch64.pkg.tar.xz	8a3a25d7c214215f6b12a5844acaa404efee5071b307a84f105064d3f4d96b70	10299840	57494513	https://mirror.archlinuxarm.org/aarch64/extra/gtk4-1:4.22.4-1-aarch64.pkg.tar.xz	https://archlinuxarm.org/packages/aarch64/gtk4	https://archlinuxarm.org/packages/aarch64/gtk4/files
live	extra	gtkmm-4.0	gtkmm-4.0	4.22.0-2	aarch64	gtkmm-4.0-4.22.0-2-aarch64.pkg.tar.xz	2c991fe7a68dc9714acaef30030b429f3d75e4b7f0ffe25424baf51f595d648a	1455168	11774395	https://mirror.archlinuxarm.org/aarch64/extra/gtkmm-4.0-4.22.0-2-aarch64.pkg.tar.xz	https://archlinuxarm.org/packages/aarch64/gtkmm-4.0	https://archlinuxarm.org/packages/aarch64/gtkmm-4.0/files
live	extra	gtkmm3	gtkmm3	3.24.11-1	aarch64	gtkmm3-3.24.11-1-aarch64.pkg.tar.xz	b42f9eac1d6b3650e1d8866ae6e83668364af6ac03c2e8720aa750f6bbdffd36	1347312	11540620	https://mirror.archlinuxarm.org/aarch64/extra/gtkmm3-3.24.11-1-aarch64.pkg.tar.xz	https://archlinuxarm.org/packages/aarch64/gtkmm3	https://archlinuxarm.org/packages/aarch64/gtkmm3/files
live	extra	gtksourceview5	gtksourceview5	5.20.0-1	aarch64	gtksourceview5-5.20.0-1-aarch64.pkg.tar.xz	e24696a8a60d688d39e034a750076bac519d87ad6a705a722766aab8545339f6	930100	6106076	https://mirror.archlinuxarm.org/aarch64/extra/gtksourceview5-5.20.0-1-aarch64.pkg.tar.xz	https://archlinuxarm.org/packages/aarch64/gtksourceview5	https://archlinuxarm.org/packages/aarch64/gtksourceview5/files
live	extra	gupnp	gupnp	1:1.6.10-1	aarch64	gupnp-1:1.6.10-1-aarch64.pkg.tar.xz	38e6d7fdc0882f8b08e2d2e15c9e686607bdde6e01d48c54c7bd191a31f60ebf	121972	766218	https://mirror.archlinuxarm.org/aarch64/extra/gupnp-1:1.6.10-1-aarch64.pkg.tar.xz	https://archlinuxarm.org/packages/aarch64/gupnp	https://archlinuxarm.org/packages/aarch64/gupnp/files
live	extra	gupnp-dlna	gupnp-dlna	0.12.0-5	aarch64	gupnp-dlna-0.12.0-5-aarch64.pkg.tar.xz	5e36773aa188c5f4e76251a4604ee6fb23ab1653e0df05deafa65d34b905dc0d	96076	1182385	https://mirror.archlinuxarm.org/aarch64/extra/gupnp-dlna-0.12.0-5-aarch64.pkg.tar.xz	https://archlinuxarm.org/packages/aarch64/gupnp-dlna	https://archlinuxarm.org/packages/aarch64/gupnp-dlna/files
live	extra	gupnp-igd	gupnp-igd	1.6.0-2	aarch64	gupnp-igd-1.6.0-2-aarch64.pkg.tar.xz	47ada079f0ae6043f028ed6bf225ab26f085a40e06c6367a78580f058ea6e61b	27772	150257	https://mirror.archlinuxarm.org/aarch64/extra/gupnp-igd-1.6.0-2-aarch64.pkg.tar.xz	https://archlinuxarm.org/packages/aarch64/gupnp-igd	https://archlinuxarm.org/packages/aarch64/gupnp-igd/files
live	extra	gvfs	gvfs	1.60.1-1	aarch64	gvfs-1.60.1-1-aarch64.pkg.tar.xz	686f578612deed27f08b15a8a854546904323e54a3d94236c1855bc5e78500aa	896632	6476011	https://mirror.archlinuxarm.org/aarch64/extra/gvfs-1.60.1-1-aarch64.pkg.tar.xz	https://archlinuxarm.org/packages/aarch64/gvfs	https://archlinuxarm.org/packages/aarch64/gvfs/files
live	extra	gvfs-gphoto2	gvfs	1.60.1-1	aarch64	gvfs-gphoto2-1.60.1-1-aarch64.pkg.tar.xz	91c73e7d9d1641847b71abb6cc7b755618cb7cec0e74d93d1dff8059be7e6239	46720	267147	https://mirror.archlinuxarm.org/aarch64/extra/gvfs-gphoto2-1.60.1-1-aarch64.pkg.tar.xz	https://archlinuxarm.org/packages/aarch64/gvfs-gphoto2	https://archlinuxarm.org/packages/aarch64/gvfs-gphoto2/files
live	extra	gvfs-mtp	gvfs	1.60.1-1	aarch64	gvfs-mtp-1.60.1-1-aarch64.pkg.tar.xz	d6ef1501141407d82d09b8932c956a8f78c9d11250f1f932714396191203b65f	47636	267216	https://mirror.archlinuxarm.org/aarch64/extra/gvfs-mtp-1.60.1-1-aarch64.pkg.tar.xz	https://archlinuxarm.org/packages/aarch64/gvfs-mtp	https://archlinuxarm.org/packages/aarch64/gvfs-mtp/files
live	extra	gvfs-smb	gvfs	1.60.1-1	aarch64	gvfs-smb-1.60.1-1-aarch64.pkg.tar.xz	ff164deb5eac44207c8a1031ff8f2943501b5dcc7fd1009f3f9057ff8a3beebc	28656	136686	https://mirror.archlinuxarm.org/aarch64/extra/gvfs-smb-1.60.1-1-aarch64.pkg.tar.xz	https://archlinuxarm.org/packages/aarch64/gvfs-smb	https://archlinuxarm.org/packages/aarch64/gvfs-smb/files
live	extra	gweather-locations	gweather-locations	2026.2-1	aarch64	gweather-locations-2026.2-1-aarch64.pkg.tar.xz	c43310ce5c7b3fe1bcad3c2b0ef1e9fd451e24de6f17b6090e041242b08dfd05	2587208	22992549	https://mirror.archlinuxarm.org/aarch64/extra/gweather-locations-2026.2-1-aarch64.pkg.tar.xz	https://archlinuxarm.org/packages/aarch64/gweather-locations	https://archlinuxarm.org/packages/aarch64/gweather-locations/files
live+build	core	gzip	gzip	1.14-2	aarch64	gzip-1.14-2-aarch64.pkg.tar.xz	24522c1c5669d1ca6da7581c0379ca7e59732eb414d21ec0357835eeda5eb05f	82792	199322	https://mirror.archlinuxarm.org/aarch64/core/gzip-1.14-2-aarch64.pkg.tar.xz	https://archlinuxarm.org/packages/aarch64/gzip	https://archlinuxarm.org/packages/aarch64/gzip/files
live	extra	harfbuzz	harfbuzz	14.2.1-1	aarch64	harfbuzz-14.2.1-1-aarch64.pkg.tar.xz	ec2e37f76433d876cee90f4ebe7c068ab46c1a0c381c788e1e0f807198f8a947	1207660	5610198	https://mirror.archlinuxarm.org/aarch64/extra/harfbuzz-14.2.1-1-aarch64.pkg.tar.xz	https://archlinuxarm.org/packages/aarch64/harfbuzz	https://archlinuxarm.org/packages/aarch64/harfbuzz/files
live	extra	harfbuzz-icu	harfbuzz	14.2.1-1	aarch64	harfbuzz-icu-14.2.1-1-aarch64.pkg.tar.xz	9427642c1705c7cfcae8cf8471e86486fd6b1ca3e9be619d66573f7f85a4c76c	8440	71350	https://mirror.archlinuxarm.org/aarch64/extra/harfbuzz-icu-14.2.1-1-aarch64.pkg.tar.xz	https://archlinuxarm.org/packages/aarch64/harfbuzz-icu	https://archlinuxarm.org/packages/aarch64/harfbuzz-icu/files
live	extra	hicolor-icon-theme	hicolor-icon-theme	0.18-1	any	hicolor-icon-theme-0.18-1-any.pkg.tar.xz	cdba2a3dba1dc73a10a1e2a4ac0da06deafa92ac243d81e127a1fcdafbe4a588	12320	55627	https://mirror.archlinuxarm.org/aarch64/extra/hicolor-icon-theme-0.18-1-any.pkg.tar.xz	https://archlinuxarm.org/packages/aarch64/hicolor-icon-theme	https://archlinuxarm.org/packages/aarch64/hicolor-icon-theme/files
live	extra	hidapi	hidapi	0.15.0-1	aarch64	hidapi-0.15.0-1-aarch64.pkg.tar.xz	3c29d538838d3cedfaee37291cc139ffe07e9a9cd8da1c24ed8e58da5febd670	42400	213531	https://mirror.archlinuxarm.org/aarch64/extra/hidapi-0.15.0-1-aarch64.pkg.tar.xz	https://archlinuxarm.org/packages/aarch64/hidapi	https://archlinuxarm.org/packages/aarch64/hidapi/files
live	extra	highway	highway	1.4.0-1	aarch64	highway-1.4.0-1-aarch64.pkg.tar.xz	5679e47d31ae1ecca8b7e18b9a24ce6027ca333c42d9283bbd30ea7fa672ba8f	737544	7236837	https://mirror.archlinuxarm.org/aarch64/extra/highway-1.4.0-1-aarch64.pkg.tar.xz	https://archlinuxarm.org/packages/aarch64/highway	https://archlinuxarm.org/packages/aarch64/highway/files
live+build	core	hwdata	hwdata	0.409-1	any	hwdata-0.409-1-any.pkg.tar.xz	544df84ae6e1bc84da50b8bfe7681dca4d8a895064b303a39f6a0edfceaafcc9	1691576	10474588	https://mirror.archlinuxarm.org/aarch64/core/hwdata-0.409-1-any.pkg.tar.xz	https://archlinuxarm.org/packages/aarch64/hwdata	https://archlinuxarm.org/packages/aarch64/hwdata/files
live	extra	hwloc	hwloc	2.14.0-1	aarch64	hwloc-2.14.0-1-aarch64.pkg.tar.xz	f8dd48d41ee0ac39e38f1c83f05463b98fce1e7702ab10f8665bbac2eab8d4c1	527964	2165174	https://mirror.archlinuxarm.org/aarch64/extra/hwloc-2.14.0-1-aarch64.pkg.tar.xz	https://archlinuxarm.org/packages/aarch64/hwloc	https://archlinuxarm.org/packages/aarch64/hwloc/files
live	extra	hyphen	hyphen	2.8.9-1	aarch64	hyphen-2.8.9-1-aarch64.pkg.tar.xz	cc2bc23b8950812206fc5b27d6fa99d9340a6bacd33d3241cd24f5044801102e	16676	80033	https://mirror.archlinuxarm.org/aarch64/extra/hyphen-2.8.9-1-aarch64.pkg.tar.xz	https://archlinuxarm.org/packages/aarch64/hyphen	https://archlinuxarm.org/packages/aarch64/hyphen/files
live+build	core	iana-etc	iana-etc	20260530-1	any	iana-etc-20260530-1-any.pkg.tar.xz	d3dce94202ce07d8f85d0b124dff3691e2349a5a625f5cd0a4d84f2ca724e4d8	394780	4211643	https://mirror.archlinuxarm.org/aarch64/core/iana-etc-20260530-1-any.pkg.tar.xz	https://archlinuxarm.org/packages/aarch64/iana-etc	https://archlinuxarm.org/packages/aarch64/iana-etc/files
live	extra	ibus	ibus	1.5.34-1	aarch64	ibus-1.5.34-1-aarch64.pkg.tar.xz	f4b215d58fb44d6cc07bb3382cd31a0ec60d54e0f51781214a7b27d3b3815f06	14791684	160328055	https://mirror.archlinuxarm.org/aarch64/extra/ibus-1.5.34-1-aarch64.pkg.tar.xz	https://archlinuxarm.org/packages/aarch64/ibus	https://archlinuxarm.org/packages/aarch64/ibus/files
live+build	core	icu	icu	78.3-1	aarch64	icu-78.3-1-aarch64.pkg.tar.xz	314cb2fecde9fd2a64ca9b6652c4c0e517bec0dceeafaf7e6a0cd578c607357f	10800876	46822662	https://mirror.archlinuxarm.org/aarch64/core/icu-78.3-1-aarch64.pkg.tar.xz	https://archlinuxarm.org/packages/aarch64/icu	https://archlinuxarm.org/packages/aarch64/icu/files
live	extra	iio-sensor-proxy	iio-sensor-proxy	3.9-1	aarch64	iio-sensor-proxy-3.9-1-aarch64.pkg.tar.xz	8c37d1f1448dbc0f6381fc75315a7754e7ac9902efb341558a4c47cd4065f975	37772	206625	https://mirror.archlinuxarm.org/aarch64/extra/iio-sensor-proxy-3.9-1-aarch64.pkg.tar.xz	https://archlinuxarm.org/packages/aarch64/iio-sensor-proxy	https://archlinuxarm.org/packages/aarch64/iio-sensor-proxy/files
live	extra	imlib2	imlib2	1.12.6-2	aarch64	imlib2-1.12.6-2-aarch64.pkg.tar.xz	15bfbd1f8a029d85e1e7b10f69922d099b6193b4d1c85499329fb1ecbde6b1d8	547232	3355645	https://mirror.archlinuxarm.org/aarch64/extra/imlib2-1.12.6-2-aarch64.pkg.tar.xz	https://archlinuxarm.org/packages/aarch64/imlib2	https://archlinuxarm.org/packages/aarch64/imlib2/files
live	core	iproute2	iproute2	7.1.0-1	aarch64	iproute2-7.1.0-1-aarch64.pkg.tar.xz	b1d5909b75f0fe9233072e97772ac6de095d3d8b8e7816e5c90ebfc71ca52362	1141704	5030228	https://mirror.archlinuxarm.org/aarch64/core/iproute2-7.1.0-1-aarch64.pkg.tar.xz	https://archlinuxarm.org/packages/aarch64/iproute2	https://archlinuxarm.org/packages/aarch64/iproute2/files
live	core	iptables	iptables	1:1.8.13-1	aarch64	iptables-1:1.8.13-1-aarch64.pkg.tar.xz	94b6e7d28d0eff8c19cea84562883a37d0e6baf58552b3d984d63675f3ff9001	417784	8863127	https://mirror.archlinuxarm.org/aarch64/core/iptables-1:1.8.13-1-aarch64.pkg.tar.xz	https://archlinuxarm.org/packages/aarch64/iptables	https://archlinuxarm.org/packages/aarch64/iptables/files
live	core	iputils	iputils	20250605-1	aarch64	iputils-20250605-1-aarch64.pkg.tar.xz	fa3b748379ca7e5375350be9d3446c91166ddff45f082f304ccf3bf1f01c5f89	133200	873375	https://mirror.archlinuxarm.org/aarch64/core/iputils-20250605-1-aarch64.pkg.tar.xz	https://archlinuxarm.org/packages/aarch64/iputils	https://archlinuxarm.org/packages/aarch64/iputils/files
live	extra	iso-codes	iso-codes	4.20.1-1	any	iso-codes-4.20.1-1-any.pkg.tar.xz	ca93043c3b5fe05f1f3886b3ad7ad5a68964303971edae967a8a82e8b850d010	3307468	23380644	https://mirror.archlinuxarm.org/aarch64/extra/iso-codes-4.20.1-1-any.pkg.tar.xz	https://archlinuxarm.org/packages/aarch64/iso-codes	https://archlinuxarm.org/packages/aarch64/iso-codes/files
live	core	iw	iw	6.17-1	aarch64	iw-6.17-1-aarch64.pkg.tar.xz	e925035ffa55196d8627810ec30be3c4a87291ff61e8881aa22767d76c85f3e7	105064	344217	https://mirror.archlinuxarm.org/aarch64/core/iw-6.17-1-aarch64.pkg.tar.xz	https://archlinuxarm.org/packages/aarch64/iw	https://archlinuxarm.org/packages/aarch64/iw/files
live	extra	jack2	jack2	1.9.22-2	aarch64	jack2-1.9.22-2-aarch64.pkg.tar.xz	ad26da61009387cbe9bca7b0f2db3a1eee6e961b32d8b9cf43c93d773e949ed2	424508	2463740	https://mirror.archlinuxarm.org/aarch64/extra/jack2-1.9.22-2-aarch64.pkg.tar.xz	https://archlinuxarm.org/packages/aarch64/jack2	https://archlinuxarm.org/packages/aarch64/jack2/files
live+build	core	jansson	jansson	2.15.0-1	aarch64	jansson-2.15.0-1-aarch64.pkg.tar.xz	23a76d688be498b8d6dff7d127edf7278ca158bbdd9709d6e9a0954764474c44	76716	334579	https://mirror.archlinuxarm.org/aarch64/core/jansson-2.15.0-1-aarch64.pkg.tar.xz	https://archlinuxarm.org/packages/aarch64/jansson	https://archlinuxarm.org/packages/aarch64/jansson/files
live	extra	jbigkit	jbigkit	2.1-8	aarch64	jbigkit-2.1-8-aarch64.pkg.tar.xz	ecaddb099f4a1f1bcbc1497fd0f3dc98581552b9eacaa17c5568211c38bec1db	48816	153825	https://mirror.archlinuxarm.org/aarch64/extra/jbigkit-2.1-8-aarch64.pkg.tar.xz	https://archlinuxarm.org/packages/aarch64/jbigkit	https://archlinuxarm.org/packages/aarch64/jbigkit/files
live	extra	js140	js140	140.13.0-1	aarch64	js140-140.13.0-1-aarch64.pkg.tar.xz	7a87708a5da0eb3371ce3ef06d2cd9482ef2dffc8e2f753e495c5609fc6ab997	20962956	83501435	https://mirror.archlinuxarm.org/aarch64/extra/js140-140.13.0-1-aarch64.pkg.tar.xz	https://archlinuxarm.org/packages/aarch64/js140	https://archlinuxarm.org/packages/aarch64/js140/files
live+build	core	json-c	json-c	0.19-1	aarch64	json-c-0.19-1-aarch64.pkg.tar.xz	233dd80f44789cd2581ea7879593d230b5a322559cdde43ce73c9719cd7e19c6	58664	252370	https://mirror.archlinuxarm.org/aarch64/core/json-c-0.19-1-aarch64.pkg.tar.xz	https://archlinuxarm.org/packages/aarch64/json-c	https://archlinuxarm.org/packages/aarch64/json-c/files
live	extra	json-glib	json-glib	1.10.8-1	aarch64	json-glib-1.10.8-1-aarch64.pkg.tar.xz	dc2a5ff08d3d7c8fcadeb820411aa31d5f1522e425045f6408fbf134db817d85	161472	1194283	https://mirror.archlinuxarm.org/aarch64/extra/json-glib-1.10.8-1-aarch64.pkg.tar.xz	https://archlinuxarm.org/packages/aarch64/json-glib	https://archlinuxarm.org/packages/aarch64/json-glib/files
live+build	core	kbd	kbd	2.10.0-1	aarch64	kbd-2.10.0-1-aarch64.pkg.tar.xz	05072eacf9417bc06c1369f91de46561682ccdd895767248ed8147abe679fe87	1312688	5049233	https://mirror.archlinuxarm.org/aarch64/core/kbd-2.10.0-1-aarch64.pkg.tar.xz	https://archlinuxarm.org/packages/aarch64/kbd	https://archlinuxarm.org/packages/aarch64/kbd/files
live+build	core	keyutils	keyutils	1.6.3-4	aarch64	keyutils-1.6.3-4-aarch64.pkg.tar.xz	7ee05c67895771b838dc035219290095e79866c61ce63bd726b002df7dfbfdd5	102664	342481	https://mirror.archlinuxarm.org/aarch64/core/keyutils-1.6.3-4-aarch64.pkg.tar.xz	https://archlinuxarm.org/packages/aarch64/keyutils	https://archlinuxarm.org/packages/aarch64/keyutils/files
live+build	core	kmod	kmod	34.2-1	aarch64	kmod-34.2-1-aarch64.pkg.tar.xz	ab893e67b19546aed1d3ad537649b3bdbfbd709f9d00e8e61c6f091ac925a9ed	117112	408326	https://mirror.archlinuxarm.org/aarch64/core/kmod-34.2-1-aarch64.pkg.tar.xz	https://archlinuxarm.org/packages/aarch64/kmod	https://archlinuxarm.org/packages/aarch64/kmod/files
live+build	core	krb5	krb5	1.22.2-1	aarch64	krb5-1.22.2-1-aarch64.pkg.tar.xz	8b4e743a45590b49ea98a16b3ce339a663908bf67eb3a3965374aabac3c69511	1257028	6924090	https://mirror.archlinuxarm.org/aarch64/core/krb5-1.22.2-1-aarch64.pkg.tar.xz	https://archlinuxarm.org/packages/aarch64/krb5	https://archlinuxarm.org/packages/aarch64/krb5/files
live	extra	l-smash	l-smash	2.14.5-4	aarch64	l-smash-2.14.5-4-aarch64.pkg.tar.xz	a531dfd5c54afa31c9cc0f4b6969e7633774345db0b9e39dd8e302327d101165	292012	1231826	https://mirror.archlinuxarm.org/aarch64/extra/l-smash-2.14.5-4-aarch64.pkg.tar.xz	https://archlinuxarm.org/packages/aarch64/l-smash	https://archlinuxarm.org/packages/aarch64/l-smash/files
live	extra	lame	lame	4.0-1	aarch64	lame-4.0-1-aarch64.pkg.tar.xz	38f9981bc4f9ecb5d42263ea5a2f9c19531364d57b3b34b0bfa6e8d9601fc24f	252564	1291187	https://mirror.archlinuxarm.org/aarch64/extra/lame-4.0-1-aarch64.pkg.tar.xz	https://archlinuxarm.org/packages/aarch64/lame	https://archlinuxarm.org/packages/aarch64/lame/files
live	extra	lcms2	lcms2	2.19.1-1	aarch64	lcms2-2.19.1-1-aarch64.pkg.tar.xz	5f93d01820b4e1a463f3cb11e19916bb3761b4faca20d4e1f0854329ba3f46f8	205460	958244	https://mirror.archlinuxarm.org/aarch64/extra/lcms2-2.19.1-1-aarch64.pkg.tar.xz	https://archlinuxarm.org/packages/aarch64/lcms2	https://archlinuxarm.org/packages/aarch64/lcms2/files
live	extra	ldb	samba	2:4.24.4-1	aarch64	ldb-2:4.24.4-1-aarch64.pkg.tar.xz	92d44e98fd606393926b7d666406d8c75f6fd01043cf9597fb1ab5d5ec4f165d	439264	5186150	https://mirror.archlinuxarm.org/aarch64/extra/ldb-2:4.24.4-1-aarch64.pkg.tar.xz	https://archlinuxarm.org/packages/aarch64/ldb	https://archlinuxarm.org/packages/aarch64/ldb/files
live+build	core	leancrypto	leancrypto	1.8.0-1	aarch64	leancrypto-1.8.0-1-aarch64.pkg.tar.xz	00e9dcbc50020ffdfa3a4cc0ef26fde6304f4cefb912fec648a33944f1407423	1338628	6430810	https://mirror.archlinuxarm.org/aarch64/core/leancrypto-1.8.0-1-aarch64.pkg.tar.xz	https://archlinuxarm.org/packages/aarch64/leancrypto	https://archlinuxarm.org/packages/aarch64/leancrypto/files
live	core	less	less	1:704-1	aarch64	less-1:704-1-aarch64.pkg.tar.xz	77de77dcd1371ffed620da4f8d1e31bdbd90cb97a75f50eaa90666db9ccf6ccb	153468	526813	https://mirror.archlinuxarm.org/aarch64/core/less-1:704-1-aarch64.pkg.tar.xz	https://archlinuxarm.org/packages/aarch64/less	https://archlinuxarm.org/packages/aarch64/less/files
live	extra	libadwaita	libadwaita	1:1.9.2-1	aarch64	libadwaita-1:1.9.2-1-aarch64.pkg.tar.xz	7403505537030d588231e1bb24b4323462ef1e94af476787a0fb950d20b8c1e7	729492	5652596	https://mirror.archlinuxarm.org/aarch64/extra/libadwaita-1:1.9.2-1-aarch64.pkg.tar.xz	https://archlinuxarm.org/packages/aarch64/libadwaita	https://archlinuxarm.org/packages/aarch64/libadwaita/files
live	core	libaio	libaio	0.3.113-4	aarch64	libaio-0.3.113-4-aarch64.pkg.tar.xz	2350b0f0af8562ea69d08dec52d56553d2ce1c5bdfae3945fb2e730dad3b5e83	23796	92938	https://mirror.archlinuxarm.org/aarch64/core/libaio-0.3.113-4-aarch64.pkg.tar.xz	https://archlinuxarm.org/packages/aarch64/libaio	https://archlinuxarm.org/packages/aarch64/libaio/files
live	extra	libao	libao	1.2.2-7	aarch64	libao-1.2.2-7-aarch64.pkg.tar.xz	71c7c624c9f294b0646e5198b44b4e83f234d5f79bb834372ea63bfc12cbc72f	54164	381102	https://mirror.archlinuxarm.org/aarch64/extra/libao-1.2.2-7-aarch64.pkg.tar.xz	https://archlinuxarm.org/packages/aarch64/libao	https://archlinuxarm.org/packages/aarch64/libao/files
live+build	core	libarchive	libarchive	3.8.8-2	aarch64	libarchive-3.8.8-2-aarch64.pkg.tar.xz	5b53697415e37739a3175de1b327b0d849a1b23e744d7d182c658ed026baaaca	512776	1485143	https://mirror.archlinuxarm.org/aarch64/core/libarchive-3.8.8-2-aarch64.pkg.tar.xz	https://archlinuxarm.org/packages/aarch64/libarchive	https://archlinuxarm.org/packages/aarch64/libarchive/files
live	core	libasan	gcc	16.1.1+r12+g301eb08fa2c5-1	aarch64	libasan-16.1.1+r12+g301eb08fa2c5-1-aarch64.pkg.tar.xz	246617f4696ca770e4b36c7ceac2849517a68e19b5d5875a11d6844e212a1b83	408016	1851004	https://mirror.archlinuxarm.org/aarch64/core/libasan-16.1.1+r12+g301eb08fa2c5-1-aarch64.pkg.tar.xz	https://archlinuxarm.org/packages/aarch64/libasan	https://archlinuxarm.org/packages/aarch64/libasan/files
live	extra	libass	libass	0.17.5-1	aarch64	libass-0.17.5-1-aarch64.pkg.tar.xz	88cbb23632552210e404ee7ecd35ac62201e707433b7abc2c0a00b4f84a53c95	103204	311515	https://mirror.archlinuxarm.org/aarch64/extra/libass-0.17.5-1-aarch64.pkg.tar.xz	https://archlinuxarm.org/packages/aarch64/libass	https://archlinuxarm.org/packages/aarch64/libass/files
live+build	core	libassuan	libassuan	3.0.0-1	aarch64	libassuan-3.0.0-1-aarch64.pkg.tar.xz	122424f6f1c3c53f04b53af87802eec595290545b31c8fbb8ee22877421b5831	111600	298380	https://mirror.archlinuxarm.org/aarch64/core/libassuan-3.0.0-1-aarch64.pkg.tar.xz	https://archlinuxarm.org/packages/aarch64/libassuan	https://archlinuxarm.org/packages/aarch64/libassuan/files
live	extra	libasyncns	libasyncns	1:0.8+r3+g68cd5af-3	aarch64	libasyncns-1:0.8+r3+g68cd5af-3-aarch64.pkg.tar.xz	6a06c61c24a5e1c032a62fff088644ea78462c34b6efb2536076506142adba4a	16156	89923	https://mirror.archlinuxarm.org/aarch64/extra/libasyncns-1:0.8+r3+g68cd5af-3-aarch64.pkg.tar.xz	https://archlinuxarm.org/packages/aarch64/libasyncns	https://archlinuxarm.org/packages/aarch64/libasyncns/files
live	extra	libatasmart	libatasmart	0.19-8	aarch64	libatasmart-0.19-8-aarch64.pkg.tar.xz	0c66ed04a747d3baf281f00b2b341e1d41624422509203666fe961326ef4039d	28316	220856	https://mirror.archlinuxarm.org/aarch64/extra/libatasmart-0.19-8-aarch64.pkg.tar.xz	https://archlinuxarm.org/packages/aarch64/libatasmart	https://archlinuxarm.org/packages/aarch64/libatasmart/files
live	core	libatomic	gcc	16.1.1+r12+g301eb08fa2c5-1	aarch64	libatomic-16.1.1+r12+g301eb08fa2c5-1-aarch64.pkg.tar.xz	7eae53e2e1a42ebc21d78eb923f9e249a4008098473c61a3d9db1c7fb5de36d3	12944	70772	https://mirror.archlinuxarm.org/aarch64/core/libatomic-16.1.1+r12+g301eb08fa2c5-1-aarch64.pkg.tar.xz	https://archlinuxarm.org/packages/aarch64/libatomic	https://archlinuxarm.org/packages/aarch64/libatomic/files
live	extra	libavc1394	libavc1394	0.5.4-7	aarch64	libavc1394-0.5.4-7-aarch64.pkg.tar.xz	70c4c99b1341c7d1d49076ba1c46aee6705510360fe66bd79414f367b20a628f	31748	371895	https://mirror.archlinuxarm.org/aarch64/extra/libavc1394-0.5.4-7-aarch64.pkg.tar.xz	https://archlinuxarm.org/packages/aarch64/libavc1394	https://archlinuxarm.org/packages/aarch64/libavc1394/files
live	extra	libavif	libavif	1.4.2-1	aarch64	libavif-1.4.2-1-aarch64.pkg.tar.xz	266d75081a73bf1ac3ac573a81462adf39469d1533884fc5da7900ad8db37bb8	273668	1179581	https://mirror.archlinuxarm.org/aarch64/extra/libavif-1.4.2-1-aarch64.pkg.tar.xz	https://archlinuxarm.org/packages/aarch64/libavif	https://archlinuxarm.org/packages/aarch64/libavif/files
live	extra	libb2	libb2	0.98.1-3	aarch64	libb2-0.98.1-3-aarch64.pkg.tar.xz	745b552a7d1d8c8d8e675bebfd38834c0ddfad99a413300382677c15c2b60495	17316	80236	https://mirror.archlinuxarm.org/aarch64/extra/libb2-0.98.1-3-aarch64.pkg.tar.xz	https://archlinuxarm.org/packages/aarch64/libb2	https://archlinuxarm.org/packages/aarch64/libb2/files
live	extra	libblake3	b3sum	1.8.4-1	aarch64	libblake3-1.8.4-1-aarch64.pkg.tar.xz	f15dbff1d4bc1d6b8e0181e7a9a1982da56dc581ed71ebfd40aa9b6ab9aff188	20100	80493	https://mirror.archlinuxarm.org/aarch64/extra/libblake3-1.8.4-1-aarch64.pkg.tar.xz	https://archlinuxarm.org/packages/aarch64/libblake3	https://archlinuxarm.org/packages/aarch64/libblake3/files
live	extra	libblockdev	libblockdev	3.5.0-2	aarch64	libblockdev-3.5.0-2-aarch64.pkg.tar.xz	199ae6e22c55d1c621ccbdf175d59a7c1933b16b00c77203d854570836d23a59	257396	3860136	https://mirror.archlinuxarm.org/aarch64/extra/libblockdev-3.5.0-2-aarch64.pkg.tar.xz	https://archlinuxarm.org/packages/aarch64/libblockdev	https://archlinuxarm.org/packages/aarch64/libblockdev/files
live	extra	libblockdev-crypto	libblockdev	3.5.0-2	aarch64	libblockdev-crypto-3.5.0-2-aarch64.pkg.tar.xz	531d6003ed1ada001dbe2ab2b97dacf8cb879bac51ff2ad7e1cb6b470c65ee6a	24268	84071	https://mirror.archlinuxarm.org/aarch64/extra/libblockdev-crypto-3.5.0-2-aarch64.pkg.tar.xz	https://archlinuxarm.org/packages/aarch64/libblockdev-crypto	https://archlinuxarm.org/packages/aarch64/libblockdev-crypto/files
live	extra	libblockdev-fs	libblockdev	3.5.0-2	aarch64	libblockdev-fs-3.5.0-2-aarch64.pkg.tar.xz	b9fe4f2aa2f1d13cfd5b4f6e58706cca8ad2811b66223a45c6797a4bfcd6b964	41520	220022	https://mirror.archlinuxarm.org/aarch64/extra/libblockdev-fs-3.5.0-2-aarch64.pkg.tar.xz	https://archlinuxarm.org/packages/aarch64/libblockdev-fs	https://archlinuxarm.org/packages/aarch64/libblockdev-fs/files
live	extra	libblockdev-loop	libblockdev	3.5.0-2	aarch64	libblockdev-loop-3.5.0-2-aarch64.pkg.tar.xz	89761362aca9110443d274b9be600d67fc298627892fb895cbbfcbc8c1fc7e35	8944	69850	https://mirror.archlinuxarm.org/aarch64/extra/libblockdev-loop-3.5.0-2-aarch64.pkg.tar.xz	https://archlinuxarm.org/packages/aarch64/libblockdev-loop	https://archlinuxarm.org/packages/aarch64/libblockdev-loop/files
live	extra	libblockdev-mdraid	libblockdev	3.5.0-2	aarch64	libblockdev-mdraid-3.5.0-2-aarch64.pkg.tar.xz	110ae16f67194e4ef5d4f4495465c55713a70b4adb5e5ac342cae7853b39ec83	16012	71598	https://mirror.archlinuxarm.org/aarch64/extra/libblockdev-mdraid-3.5.0-2-aarch64.pkg.tar.xz	https://archlinuxarm.org/packages/aarch64/libblockdev-mdraid	https://archlinuxarm.org/packages/aarch64/libblockdev-mdraid/files
live	extra	libblockdev-nvme	libblockdev	3.5.0-2	aarch64	libblockdev-nvme-3.5.0-2-aarch64.pkg.tar.xz	75ac46abf9bbeb332faae5f2b0647807b72510bc40035a08db347b467b1d8ae4	26688	105009	https://mirror.archlinuxarm.org/aarch64/extra/libblockdev-nvme-3.5.0-2-aarch64.pkg.tar.xz	https://archlinuxarm.org/packages/aarch64/libblockdev-nvme	https://archlinuxarm.org/packages/aarch64/libblockdev-nvme/files
live	extra	libblockdev-part	libblockdev	3.5.0-2	aarch64	libblockdev-part-3.5.0-2-aarch64.pkg.tar.xz	6795401e58344230a74f0982564d2d822362aad65b48fe7486213730c368d0b6	17584	71704	https://mirror.archlinuxarm.org/aarch64/extra/libblockdev-part-3.5.0-2-aarch64.pkg.tar.xz	https://archlinuxarm.org/packages/aarch64/libblockdev-part	https://archlinuxarm.org/packages/aarch64/libblockdev-part/files
live	extra	libblockdev-smart	libblockdev	3.5.0-2	aarch64	libblockdev-smart-3.5.0-2-aarch64.pkg.tar.xz	5c2534e5e986054e915b2dd64fa3aab9373d573c5a453e4def7ac71fb37a34a1	26292	163920	https://mirror.archlinuxarm.org/aarch64/extra/libblockdev-smart-3.5.0-2-aarch64.pkg.tar.xz	https://archlinuxarm.org/packages/aarch64/libblockdev-smart	https://archlinuxarm.org/packages/aarch64/libblockdev-smart/files
live	extra	libblockdev-swap	libblockdev	3.5.0-2	aarch64	libblockdev-swap-3.5.0-2-aarch64.pkg.tar.xz	9ff8297c040f57655b1c435af794224ac30cfefec50ef2a01ad2c734933a1c88	10988	69619	https://mirror.archlinuxarm.org/aarch64/extra/libblockdev-swap-3.5.0-2-aarch64.pkg.tar.xz	https://archlinuxarm.org/packages/aarch64/libblockdev-swap	https://archlinuxarm.org/packages/aarch64/libblockdev-swap/files
live	extra	libbluray	libbluray	1.4.1-1	aarch64	libbluray-1.4.1-1-aarch64.pkg.tar.xz	a4d09a0214323e8812cbb66c022c4cac8e6557c54b12d9ec87369bbcd5a74d67	894348	1553274	https://mirror.archlinuxarm.org/aarch64/extra/libbluray-1.4.1-1-aarch64.pkg.tar.xz	https://archlinuxarm.org/packages/aarch64/libbluray	https://archlinuxarm.org/packages/aarch64/libbluray/files
live	core	libbpf	libbpf	1.7.0-1	aarch64	libbpf-1.7.0-1-aarch64.pkg.tar.xz	192657eccc1b03e0adb5d5a0403a157af8da624d99a27173d32a7b27418712b6	251032	955038	https://mirror.archlinuxarm.org/aarch64/core/libbpf-1.7.0-1-aarch64.pkg.tar.xz	https://archlinuxarm.org/packages/aarch64/libbpf	https://archlinuxarm.org/packages/aarch64/libbpf/files
live	extra	libbs2b	libbs2b	3.1.0-10	aarch64	libbs2b-3.1.0-10-aarch64.pkg.tar.xz	ee59c4402dbc9ed69aa99f7524aaa496f6499827fb227113bcd654f9d8964eea	16096	220596	https://mirror.archlinuxarm.org/aarch64/extra/libbs2b-3.1.0-10-aarch64.pkg.tar.xz	https://archlinuxarm.org/packages/aarch64/libbs2b	https://archlinuxarm.org/packages/aarch64/libbs2b/files
live	extra	libbsd	libbsd	0.12.2-2	aarch64	libbsd-0.12.2-2-aarch64.pkg.tar.xz	3d47f2e64ab9c2dfbdc5791ad7db237ed3c9708ad80718c26f4b850cf2b69238	164028	343759	https://mirror.archlinuxarm.org/aarch64/extra/libbsd-0.12.2-2-aarch64.pkg.tar.xz	https://archlinuxarm.org/packages/aarch64/libbsd	https://archlinuxarm.org/packages/aarch64/libbsd/files
build	extra	libburn	libburn	1.5.8-1	aarch64	libburn-1.5.8-1-aarch64.pkg.tar.xz	f6cc0abcc3023406eb0d89cbb87ff00d752faf1eb217980770ce93d371ba4ef1	271888	836469	https://mirror.archlinuxarm.org/aarch64/extra/libburn-1.5.8-1-aarch64.pkg.tar.xz	https://archlinuxarm.org/packages/aarch64/libburn	https://archlinuxarm.org/packages/aarch64/libburn/files
live	extra	libbytesize	libbytesize	2.12-3	aarch64	libbytesize-2.12-3-aarch64.pkg.tar.xz	33178b35d92c0398c30c51f866c3d5ef585cc9fecc54eb8e2f4a7d85fcb08b67	23864	131530	https://mirror.archlinuxarm.org/aarch64/extra/libbytesize-2.12-3-aarch64.pkg.tar.xz	https://archlinuxarm.org/packages/aarch64/libbytesize	https://archlinuxarm.org/packages/aarch64/libbytesize/files
live	extra	libcaca	libcaca	0.99.beta20-7	aarch64	libcaca-0.99.beta20-7-aarch64.pkg.tar.xz	2dc5fa7b1c60455130a790b1bd78d717a3814a1434a22333e22c5e7fcf087cd8	406120	3099879	https://mirror.archlinuxarm.org/aarch64/extra/libcaca-0.99.beta20-7-aarch64.pkg.tar.xz	https://archlinuxarm.org/packages/aarch64/libcaca	https://archlinuxarm.org/packages/aarch64/libcaca/files
live	extra	libcamera	libcamera	0.7.2-3	aarch64	libcamera-0.7.2-3-aarch64.pkg.tar.xz	edbf57ea8c74dd87c7299cd50ef9c4a5b9ab3587edcb67be3f78761cd44bc0fd	960276	6558953	https://mirror.archlinuxarm.org/aarch64/extra/libcamera-0.7.2-3-aarch64.pkg.tar.xz	https://archlinuxarm.org/packages/aarch64/libcamera	https://archlinuxarm.org/packages/aarch64/libcamera/files
live	extra	libcamera-ipa	libcamera	0.7.2-3	aarch64	libcamera-ipa-0.7.2-3-aarch64.pkg.tar.xz	9687ce61198702a31a6eabcf66ef0a5e53f6b5d8a0864d3d448f34fe5f702fbe	592288	4091664	https://mirror.archlinuxarm.org/aarch64/extra/libcamera-ipa-0.7.2-3-aarch64.pkg.tar.xz	https://archlinuxarm.org/packages/aarch64/libcamera-ipa	https://archlinuxarm.org/packages/aarch64/libcamera-ipa/files
live	extra	libcamera-tools	libcamera	0.7.2-3	aarch64	libcamera-tools-0.7.2-3-aarch64.pkg.tar.xz	d2c2ce634fc444aee7020c6fb9514b86ec7d72e5a0c4acfa4bf5ae02c59b4216	203780	929769	https://mirror.archlinuxarm.org/aarch64/extra/libcamera-tools-0.7.2-3-aarch64.pkg.tar.xz	https://archlinuxarm.org/packages/aarch64/libcamera-tools	https://archlinuxarm.org/packages/aarch64/libcamera-tools/files
live	extra	libcanberra	libcanberra	1:0.30+r2+gc0620e4-6	aarch64	libcanberra-1:0.30+r2+gc0620e4-6-aarch64.pkg.tar.xz	7ffd54a1466c6b8d9feba119c4dbb2fc87d7b1bf6f15ea10f2dd57e15c679839	78964	826265	https://mirror.archlinuxarm.org/aarch64/extra/libcanberra-1:0.30+r2+gc0620e4-6-aarch64.pkg.tar.xz	https://archlinuxarm.org/packages/aarch64/libcanberra	https://archlinuxarm.org/packages/aarch64/libcanberra/files
live+build	core	libcap	libcap	2.78-1	aarch64	libcap-2.78-1-aarch64.pkg.tar.xz	828383fe196cb3bbd4ea0a7cb4385e8184ea8b281b8833eee613837eda507643	715424	2632280	https://mirror.archlinuxarm.org/aarch64/core/libcap-2.78-1-aarch64.pkg.tar.xz	https://archlinuxarm.org/packages/aarch64/libcap	https://archlinuxarm.org/packages/aarch64/libcap/files
live+build	core	libcap-ng	libcap-ng	0.9.3-1	aarch64	libcap-ng-0.9.3-1-aarch64.pkg.tar.xz	7164d7a4407488399e73eb4474c77762818ce65af9dc4c268f28c4038c2e2444	66744	365021	https://mirror.archlinuxarm.org/aarch64/core/libcap-ng-0.9.3-1-aarch64.pkg.tar.xz	https://archlinuxarm.org/packages/aarch64/libcap-ng	https://archlinuxarm.org/packages/aarch64/libcap-ng/files
live	extra	libcdio	libcdio	2.3.0-1	aarch64	libcdio-2.3.0-1-aarch64.pkg.tar.xz	c6fdb55a32228c7bbb04c3946c40c66f85f69ca4027b8975ba27e5c456463dc3	254124	1399151	https://mirror.archlinuxarm.org/aarch64/extra/libcdio-2.3.0-1-aarch64.pkg.tar.xz	https://archlinuxarm.org/packages/aarch64/libcdio	https://archlinuxarm.org/packages/aarch64/libcdio/files
live	extra	libcdio-paranoia	libcdio-paranoia	10.2+2.0.2-2	aarch64	libcdio-paranoia-10.2+2.0.2-2-aarch64.pkg.tar.xz	ea6b55e58fbd95c2562771b34eedc74391006a3e4922af7f0090f419cd7ffd6d	64896	237819	https://mirror.archlinuxarm.org/aarch64/extra/libcdio-paranoia-10.2+2.0.2-2-aarch64.pkg.tar.xz	https://archlinuxarm.org/packages/aarch64/libcdio-paranoia	https://archlinuxarm.org/packages/aarch64/libcdio-paranoia/files
live	extra	libcloudproviders	libcloudproviders	0.4.0-1	aarch64	libcloudproviders-0.4.0-1-aarch64.pkg.tar.xz	e3ec5ae09579741e99bd17cc232b049de589312c56da8649ee4394fcd99aaec6	44380	369112	https://mirror.archlinuxarm.org/aarch64/extra/libcloudproviders-0.4.0-1-aarch64.pkg.tar.xz	https://archlinuxarm.org/packages/aarch64/libcloudproviders	https://archlinuxarm.org/packages/aarch64/libcloudproviders/files
live	extra	libcolord	colord	1.4.8-1	aarch64	libcolord-1.4.8-1-aarch64.pkg.tar.xz	79b5775b226ec0974454621e527094f0d59e7e5017b2c31c07871354de8fda0f	169748	1459410	https://mirror.archlinuxarm.org/aarch64/extra/libcolord-1.4.8-1-aarch64.pkg.tar.xz	https://archlinuxarm.org/packages/aarch64/libcolord	https://archlinuxarm.org/packages/aarch64/libcolord/files
live	extra	libcue	libcue	2.3.0-1	aarch64	libcue-2.3.0-1-aarch64.pkg.tar.xz	ef42ee13529eb013f0878cb4bc0d98f2e55dcd59d72d55629a08ec5900604b6b	19432	51694	https://mirror.archlinuxarm.org/aarch64/extra/libcue-2.3.0-1-aarch64.pkg.tar.xz	https://archlinuxarm.org/packages/aarch64/libcue	https://archlinuxarm.org/packages/aarch64/libcue/files
live	extra	libcups	cups	2:2.4.19-1	aarch64	libcups-2:2.4.19-1-aarch64.pkg.tar.xz	3b5a82439605980365feb637ffc5db67b9df418017a9f19b20f44404fe8a628b	257944	992141	https://mirror.archlinuxarm.org/aarch64/extra/libcups-2:2.4.19-1-aarch64.pkg.tar.xz	https://archlinuxarm.org/packages/aarch64/libcups	https://archlinuxarm.org/packages/aarch64/libcups/files
live	extra	libdaemon	libdaemon	0.14-6	aarch64	libdaemon-0.14-6-aarch64.pkg.tar.xz	b96e8eb1604bf7901feb1addd2882cce2f366b504d919c9fc28a53f8c240243b	19340	96716	https://mirror.archlinuxarm.org/aarch64/extra/libdaemon-0.14-6-aarch64.pkg.tar.xz	https://archlinuxarm.org/packages/aarch64/libdaemon	https://archlinuxarm.org/packages/aarch64/libdaemon/files
live	extra	libdatrie	libdatrie	0.2.14-1	aarch64	libdatrie-0.2.14-1-aarch64.pkg.tar.xz	13f6aeb32f57d91c59ca68ce21abce48353081e886d3e8c2d89d5884b1f4b969	109632	595749	https://mirror.archlinuxarm.org/aarch64/extra/libdatrie-0.2.14-1-aarch64.pkg.tar.xz	https://archlinuxarm.org/packages/aarch64/libdatrie	https://archlinuxarm.org/packages/aarch64/libdatrie/files
live	extra	libdbusmenu-glib	libdbusmenu	18.10.20180917-1	aarch64	libdbusmenu-glib-18.10.20180917-1-aarch64.pkg.tar.xz	cc39d69c1b09d644e8444875201af41fe11fa30f56b2b5a7187ead0a472f519a	85804	718493	https://mirror.archlinuxarm.org/aarch64/extra/libdbusmenu-glib-18.10.20180917-1-aarch64.pkg.tar.xz	https://archlinuxarm.org/packages/aarch64/libdbusmenu-glib	https://archlinuxarm.org/packages/aarch64/libdbusmenu-glib/files
live	extra	libdbusmenu-gtk3	libdbusmenu	18.10.20180917-1	aarch64	libdbusmenu-gtk3-18.10.20180917-1-aarch64.pkg.tar.xz	d5c6e14ddb4d9ad1d556cf8243834c7e77b55836b42ac04cf54c422c391801ab	46272	292180	https://mirror.archlinuxarm.org/aarch64/extra/libdbusmenu-gtk3-18.10.20180917-1-aarch64.pkg.tar.xz	https://archlinuxarm.org/packages/aarch64/libdbusmenu-gtk3	https://archlinuxarm.org/packages/aarch64/libdbusmenu-gtk3/files
live	extra	libde265	libde265	1.1.1-1	aarch64	libde265-1.1.1-1-aarch64.pkg.tar.xz	58f7bd7f49302a93ecbdbaaac73a83cc3838f76bea1df397a429ceb071bd77d4	268272	962247	https://mirror.archlinuxarm.org/aarch64/extra/libde265-1.1.1-1-aarch64.pkg.tar.xz	https://archlinuxarm.org/packages/aarch64/libde265	https://archlinuxarm.org/packages/aarch64/libde265/files
live	extra	libdecor	libdecor	0.2.5-1	aarch64	libdecor-0.2.5-1-aarch64.pkg.tar.xz	af8fc60c81c611bc74935468fb99b6651f69a1cdf67a7f84eb09fee6fb664016	42288	218557	https://mirror.archlinuxarm.org/aarch64/extra/libdecor-0.2.5-1-aarch64.pkg.tar.xz	https://archlinuxarm.org/packages/aarch64/libdecor	https://archlinuxarm.org/packages/aarch64/libdecor/files
live	extra	libdeflate	libdeflate	1.25-1	aarch64	libdeflate-1.25-1-aarch64.pkg.tar.xz	408bd58f346f407b1c66cab2d24d8d49638c88e0cbe26a08e3a9104757dedf55	55436	228101	https://mirror.archlinuxarm.org/aarch64/extra/libdeflate-1.25-1-aarch64.pkg.tar.xz	https://archlinuxarm.org/packages/aarch64/libdeflate	https://archlinuxarm.org/packages/aarch64/libdeflate/files
live	extra	libdisplay-info	libdisplay-info	0.3.0-1	aarch64	libdisplay-info-0.3.0-1-aarch64.pkg.tar.xz	73af5a8923b764610ed281c3d1529c73bfeb40dcb3a4015a1e36ef4fc1ba7e5d	113384	437523	https://mirror.archlinuxarm.org/aarch64/extra/libdisplay-info-0.3.0-1-aarch64.pkg.tar.xz	https://archlinuxarm.org/packages/aarch64/libdisplay-info	https://archlinuxarm.org/packages/aarch64/libdisplay-info/files
live	extra	libdovi	libdovi	3.4.0-1	aarch64	libdovi-3.4.0-1-aarch64.pkg.tar.xz	5394d3887703918d344bb60ee30f747e14136d6d907a17e7d6a742a4fa6867bc	239568	627731	https://mirror.archlinuxarm.org/aarch64/extra/libdovi-3.4.0-1-aarch64.pkg.tar.xz	https://archlinuxarm.org/packages/aarch64/libdovi	https://archlinuxarm.org/packages/aarch64/libdovi/files
live	extra	libdrm	libdrm	2.4.134-1	aarch64	libdrm-2.4.134-1-aarch64.pkg.tar.xz	d4173d7adc60d32d389e44e976447962c31bc23ff9a2153539bd8ad766e307b8	400060	3090527	https://mirror.archlinuxarm.org/aarch64/extra/libdrm-2.4.134-1-aarch64.pkg.tar.xz	https://archlinuxarm.org/packages/aarch64/libdrm	https://archlinuxarm.org/packages/aarch64/libdrm/files
live	extra	libdv	libdv	1.0.0-12	aarch64	libdv-1.0.0-12-aarch64.pkg.tar.xz	b964f8dca8e219e37351f2ebea0fae6807b2449964a94ef852428094597ac4aa	68876	369742	https://mirror.archlinuxarm.org/aarch64/extra/libdv-1.0.0-12-aarch64.pkg.tar.xz	https://archlinuxarm.org/packages/aarch64/libdv	https://archlinuxarm.org/packages/aarch64/libdv/files
live	extra	libdvdnav	libdvdnav	7.0.0-1	aarch64	libdvdnav-7.0.0-1-aarch64.pkg.tar.xz	b2efacbf84af912d2c758687ed63058361d6bcf073c5ed04a7ae0ddebe42877e	57352	209522	https://mirror.archlinuxarm.org/aarch64/extra/libdvdnav-7.0.0-1-aarch64.pkg.tar.xz	https://archlinuxarm.org/packages/aarch64/libdvdnav	https://archlinuxarm.org/packages/aarch64/libdvdnav/files
live	extra	libdvdread	libdvdread	7.1.1-1	aarch64	libdvdread-7.1.1-1-aarch64.pkg.tar.xz	e1d686bc1cc9c1a016026757380d59b899120c21a438a197f74678d018efbaa2	127560	466409	https://mirror.archlinuxarm.org/aarch64/extra/libdvdread-7.1.1-1-aarch64.pkg.tar.xz	https://archlinuxarm.org/packages/aarch64/libdvdread	https://archlinuxarm.org/packages/aarch64/libdvdread/files
live	extra	libebur128	libebur128	1.2.6-2	aarch64	libebur128-1.2.6-2-aarch64.pkg.tar.xz	a1b54c783cacadcea9f31974f140afeb19c385854d924ef597f159b1ea4343ae	16524	84248	https://mirror.archlinuxarm.org/aarch64/extra/libebur128-1.2.6-2-aarch64.pkg.tar.xz	https://archlinuxarm.org/packages/aarch64/libebur128	https://archlinuxarm.org/packages/aarch64/libebur128/files
live	core	libedit	libedit	20260512_3.1-1	aarch64	libedit-20260512_3.1-1-aarch64.pkg.tar.xz	9900ef2ce4c8bddc1066a89951ff0e0dead005f168a9ac402ac487047961f2e5	107492	317208	https://mirror.archlinuxarm.org/aarch64/core/libedit-20260512_3.1-1-aarch64.pkg.tar.xz	https://archlinuxarm.org/packages/aarch64/libedit	https://archlinuxarm.org/packages/aarch64/libedit/files
live	extra	libei	libei	1.6.0-1	aarch64	libei-1.6.0-1-aarch64.pkg.tar.xz	a09e6322764d03ed4dd9bc968d8fd22f9833ab859ce9316eeb496522ac0edb45	107216	670354	https://mirror.archlinuxarm.org/aarch64/extra/libei-1.6.0-1-aarch64.pkg.tar.xz	https://archlinuxarm.org/packages/aarch64/libei	https://archlinuxarm.org/packages/aarch64/libei/files
live+build	core	libelf	elfutils	0.195-1	aarch64	libelf-0.195-1-aarch64.pkg.tar.xz	83e47e7443f463c732fbbbe8aedb7ab124be99bc5c7cb683c7778281fe72e2bb	539524	3616627	https://mirror.archlinuxarm.org/aarch64/core/libelf-0.195-1-aarch64.pkg.tar.xz	https://archlinuxarm.org/packages/aarch64/libelf	https://archlinuxarm.org/packages/aarch64/libelf/files
live	extra	libepoxy	libepoxy	1.5.10-3	aarch64	libepoxy-1.5.10-3-aarch64.pkg.tar.xz	8bb73da9e2df09cf7798904a8709dfb49826a7a9c593a166cddd4a891a280724	305076	3074067	https://mirror.archlinuxarm.org/aarch64/extra/libepoxy-1.5.10-3-aarch64.pkg.tar.xz	https://archlinuxarm.org/packages/aarch64/libepoxy	https://archlinuxarm.org/packages/aarch64/libepoxy/files
live	extra	libevdev	libevdev	1.13.6-1	aarch64	libevdev-1.13.6-1-aarch64.pkg.tar.xz	5a86c7c4e9509326e06df55e87c7d2ae799ee6b64ee3f7e9e6606cfbc9b96dd9	58436	437867	https://mirror.archlinuxarm.org/aarch64/extra/libevdev-1.13.6-1-aarch64.pkg.tar.xz	https://archlinuxarm.org/packages/aarch64/libevdev	https://archlinuxarm.org/packages/aarch64/libevdev/files
live+build	core	libevent	libevent	2.1.13-2	aarch64	libevent-2.1.13-2-aarch64.pkg.tar.xz	616950e746a507c7371d6643249e7dbb96934612c0cf0df8760acedd94411183	245152	1444882	https://mirror.archlinuxarm.org/aarch64/core/libevent-2.1.13-2-aarch64.pkg.tar.xz	https://archlinuxarm.org/packages/aarch64/libevent	https://archlinuxarm.org/packages/aarch64/libevent/files
live	extra	libexif	libexif	0.6.26-1	aarch64	libexif-0.6.26-1-aarch64.pkg.tar.xz	f3126e9de05ee7c82fd9c55b98fe3e8c5a1c9b39b7fab223be65820f5aefedfa	496132	3346235	https://mirror.archlinuxarm.org/aarch64/extra/libexif-0.6.26-1-aarch64.pkg.tar.xz	https://archlinuxarm.org/packages/aarch64/libexif	https://archlinuxarm.org/packages/aarch64/libexif/files
live	extra	libfdk-aac	libfdk-aac	2.0.3-2	aarch64	libfdk-aac-2.0.3-2-aarch64.pkg.tar.xz	11a8590845e29d7287d9d8b14e50d6046b009f52f37e21bb555c446ecedc514c	631492	1542868	https://mirror.archlinuxarm.org/aarch64/extra/libfdk-aac-2.0.3-2-aarch64.pkg.tar.xz	https://archlinuxarm.org/packages/aarch64/libfdk-aac	https://archlinuxarm.org/packages/aarch64/libfdk-aac/files
live+build	core	libffi	libffi	3.7.1-1	aarch64	libffi-3.7.1-1-aarch64.pkg.tar.xz	5fb2edf55bb981b72fe3c444a21c8ddc70e34f542460053260082d876d7cb1cd	48896	127980	https://mirror.archlinuxarm.org/aarch64/core/libffi-3.7.1-1-aarch64.pkg.tar.xz	https://archlinuxarm.org/packages/aarch64/libffi	https://archlinuxarm.org/packages/aarch64/libffi/files
live	extra	libfontenc	libfontenc	1.1.9-1	aarch64	libfontenc-1.1.9-1-aarch64.pkg.tar.xz	e42320161bec71bafa2243ff203fa8a3306b0a0f91e90dd89291b093340ab1fc	14732	77234	https://mirror.archlinuxarm.org/aarch64/extra/libfontenc-1.1.9-1-aarch64.pkg.tar.xz	https://archlinuxarm.org/packages/aarch64/libfontenc	https://archlinuxarm.org/packages/aarch64/libfontenc/files
live	extra	libfreeaptx	libfreeaptx	0.2.2-1	aarch64	libfreeaptx-0.2.2-1-aarch64.pkg.tar.xz	abc0efaf4adb7838608ecf0ba15d790faa1048fade46791ee4fd79a2b2e37c1a	18272	209159	https://mirror.archlinuxarm.org/aarch64/extra/libfreeaptx-0.2.2-1-aarch64.pkg.tar.xz	https://archlinuxarm.org/packages/aarch64/libfreeaptx	https://archlinuxarm.org/packages/aarch64/libfreeaptx/files
live	extra	libfyaml	libfyaml	0.9.6-2	aarch64	libfyaml-0.9.6-2-aarch64.pkg.tar.xz	08e80fd2a7326041ef22d53ee83af88c00a0d529b294d82918a30d7b64b9059d	406732	1328308	https://mirror.archlinuxarm.org/aarch64/extra/libfyaml-0.9.6-2-aarch64.pkg.tar.xz	https://archlinuxarm.org/packages/aarch64/libfyaml	https://archlinuxarm.org/packages/aarch64/libfyaml/files
live+build	core	libgcc	gcc	16.1.1+r12+g301eb08fa2c5-1	aarch64	libgcc-16.1.1+r12+g301eb08fa2c5-1-aarch64.pkg.tar.xz	0f98bdf94a6e2f6758b9ffe98cbc9391a109326ed23bd264cabe0a81a04d7ae4	55204	136916	https://mirror.archlinuxarm.org/aarch64/core/libgcc-16.1.1+r12+g301eb08fa2c5-1-aarch64.pkg.tar.xz	https://archlinuxarm.org/packages/aarch64/libgcc	https://archlinuxarm.org/packages/aarch64/libgcc/files
live+build	core	libgcrypt	libgcrypt	1.12.2-1	aarch64	libgcrypt-1.12.2-1-aarch64.pkg.tar.xz	f1bc05a99a59fcc4ae0a471b24e8db1be570275728de28f82ca55a2abc925815	596136	1763456	https://mirror.archlinuxarm.org/aarch64/core/libgcrypt-1.12.2-1-aarch64.pkg.tar.xz	https://archlinuxarm.org/packages/aarch64/libgcrypt	https://archlinuxarm.org/packages/aarch64/libgcrypt/files
live	extra	libgdm	gdm	50.1-1	aarch64	libgdm-50.1-1-aarch64.pkg.tar.xz	ab10744ddf40dfb27a364625297eb01d47b88bd41049e4f5b6e885bf045008d3	81596	941180	https://mirror.archlinuxarm.org/aarch64/extra/libgdm-50.1-1-aarch64.pkg.tar.xz	https://archlinuxarm.org/packages/aarch64/libgdm	https://archlinuxarm.org/packages/aarch64/libgdm/files
live	core	libgfortran	gcc	16.1.1+r12+g301eb08fa2c5-1	aarch64	libgfortran-16.1.1+r12+g301eb08fa2c5-1-aarch64.pkg.tar.xz	08b86638b136c637713115b5de78e04fb25310eaf16fe4db21a16510c591cc12	387916	1906836	https://mirror.archlinuxarm.org/aarch64/core/libgfortran-16.1.1+r12+g301eb08fa2c5-1-aarch64.pkg.tar.xz	https://archlinuxarm.org/packages/aarch64/libgfortran	https://archlinuxarm.org/packages/aarch64/libgfortran/files
live	extra	libgirepository	gobject-introspection	1.86.0-2	aarch64	libgirepository-1.86.0-2-aarch64.pkg.tar.xz	c9c9715f03a1b4bbbd9e03c203275f4571a4c8b6bd1e5307eafc02ebf1789fed	178880	1711104	https://mirror.archlinuxarm.org/aarch64/extra/libgirepository-1.86.0-2-aarch64.pkg.tar.xz	https://archlinuxarm.org/packages/aarch64/libgirepository	https://archlinuxarm.org/packages/aarch64/libgirepository/files
live	extra	libglvnd	libglvnd	1.7.0-3	aarch64	libglvnd-1.7.0-3-aarch64.pkg.tar.xz	5a163e41583346b55f25de580e10c2edb31f5c8662667531d0e476b7b1336338	315240	5660929	https://mirror.archlinuxarm.org/aarch64/extra/libglvnd-1.7.0-3-aarch64.pkg.tar.xz	https://archlinuxarm.org/packages/aarch64/libglvnd	https://archlinuxarm.org/packages/aarch64/libglvnd/files
live	extra	libgoa	gnome-online-accounts	3.58.1-1	aarch64	libgoa-3.58.1-1-aarch64.pkg.tar.xz	238ce258c9b74ce996a5bd7d51857e0fa1410c2986595d5fa88a6337d49caa32	118736	1883951	https://mirror.archlinuxarm.org/aarch64/extra/libgoa-3.58.1-1-aarch64.pkg.tar.xz	https://archlinuxarm.org/packages/aarch64/libgoa	https://archlinuxarm.org/packages/aarch64/libgoa/files
live+build	core	libgomp	gcc	16.1.1+r12+g301eb08fa2c5-1	aarch64	libgomp-16.1.1+r12+g301eb08fa2c5-1-aarch64.pkg.tar.xz	117e58e103b45888561d7e39b69b5632ee16ac0b2e6e36c6f91f51f70ff85183	212292	480065	https://mirror.archlinuxarm.org/aarch64/core/libgomp-16.1.1+r12+g301eb08fa2c5-1-aarch64.pkg.tar.xz	https://archlinuxarm.org/packages/aarch64/libgomp	https://archlinuxarm.org/packages/aarch64/libgomp/files
live+build	core	libgpg-error	libgpg-error	1.61-1	aarch64	libgpg-error-1.61-1-aarch64.pkg.tar.xz	e6ea4251e2d6919f861a08ac09b2c72a6a687e208a495341893dba5839b00b5d	254104	1268909	https://mirror.archlinuxarm.org/aarch64/core/libgpg-error-1.61-1-aarch64.pkg.tar.xz	https://archlinuxarm.org/packages/aarch64/libgpg-error	https://archlinuxarm.org/packages/aarch64/libgpg-error/files
live	extra	libgphoto2	libgphoto2	2.5.34-1	aarch64	libgphoto2-2.5.34-1-aarch64.pkg.tar.xz	8e0d8e5b09ff4a38b5b9db7fc5b0a862abf66c52fb6052f6ef02261324b89b69	1494156	11989805	https://mirror.archlinuxarm.org/aarch64/extra/libgphoto2-2.5.34-1-aarch64.pkg.tar.xz	https://archlinuxarm.org/packages/aarch64/libgphoto2	https://archlinuxarm.org/packages/aarch64/libgphoto2/files
live	extra	libgsf	libgsf	1.14.58-1	aarch64	libgsf-1.14.58-1-aarch64.pkg.tar.xz	1690574d0a2bb86e8f0a9211a601cdd1cf8ecbe7fdb11ef37a66b0e94b30e71c	265320	1754713	https://mirror.archlinuxarm.org/aarch64/extra/libgsf-1.14.58-1-aarch64.pkg.tar.xz	https://archlinuxarm.org/packages/aarch64/libgsf	https://archlinuxarm.org/packages/aarch64/libgsf/files
live	extra	libgtop	libgtop	2.41.3-2	aarch64	libgtop-2.41.3-2-aarch64.pkg.tar.xz	987c6484768d990a761243a89bc7e9092dfed1552177329a26e8697edf92b003	189032	1334183	https://mirror.archlinuxarm.org/aarch64/extra/libgtop-2.41.3-2-aarch64.pkg.tar.xz	https://archlinuxarm.org/packages/aarch64/libgtop	https://archlinuxarm.org/packages/aarch64/libgtop/files
live	extra	libgudev	libgudev	238-3	aarch64	libgudev-238-3-aarch64.pkg.tar.xz	54ad35f53e669683ef336aec62c9173b343b51efd4b6a7d3eb022708c1dc3c7e	42040	420254	https://mirror.archlinuxarm.org/aarch64/extra/libgudev-238-3-aarch64.pkg.tar.xz	https://archlinuxarm.org/packages/aarch64/libgudev	https://archlinuxarm.org/packages/aarch64/libgudev/files
live	extra	libgusb	libgusb	0.4.9-2	aarch64	libgusb-0.4.9-2-aarch64.pkg.tar.xz	43cb6f36edbdfe17567550cbe30122da49a128299996656687ad1e780ef99b07	62960	430229	https://mirror.archlinuxarm.org/aarch64/extra/libgusb-0.4.9-2-aarch64.pkg.tar.xz	https://archlinuxarm.org/packages/aarch64/libgusb	https://archlinuxarm.org/packages/aarch64/libgusb/files
live	extra	libgweather-4	libgweather-4	4.6.0-1	aarch64	libgweather-4-4.6.0-1-aarch64.pkg.tar.xz	896bf76c9c761271993eb2a37e68684d980d7b1c9a03b4f0ae1a9a2f972288f5	269156	1990561	https://mirror.archlinuxarm.org/aarch64/extra/libgweather-4-4.6.0-1-aarch64.pkg.tar.xz	https://archlinuxarm.org/packages/aarch64/libgweather-4	https://archlinuxarm.org/packages/aarch64/libgweather-4/files
live	extra	libgxps	libgxps	0.3.2-5	aarch64	libgxps-0.3.2-5-aarch64.pkg.tar.xz	2d2d0f1d18a17398b351e19452af982a8b3bc7b03d4ab3124c15e127f63e7f8f	101232	868745	https://mirror.archlinuxarm.org/aarch64/extra/libgxps-0.3.2-5-aarch64.pkg.tar.xz	https://archlinuxarm.org/packages/aarch64/libgxps	https://archlinuxarm.org/packages/aarch64/libgxps/files
live	extra	libhandy	libhandy	1.8.3-2	aarch64	libhandy-1.8.3-2-aarch64.pkg.tar.xz	0df937d55cc0cd9892a9ef34218bed93c083a0980c3494dab8446e2577161a01	414536	2702293	https://mirror.archlinuxarm.org/aarch64/extra/libhandy-1.8.3-2-aarch64.pkg.tar.xz	https://archlinuxarm.org/packages/aarch64/libhandy	https://archlinuxarm.org/packages/aarch64/libhandy/files
live	extra	libheif	libheif	1.23.1-1	aarch64	libheif-1.23.1-1-aarch64.pkg.tar.xz	cb6a6f5a9cc9d197b981ea586ced6defa1acc1a462ac3366b0c180534b4daf84	822668	3513463	https://mirror.archlinuxarm.org/aarch64/extra/libheif-1.23.1-1-aarch64.pkg.tar.xz	https://archlinuxarm.org/packages/aarch64/libheif	https://archlinuxarm.org/packages/aarch64/libheif/files
live	extra	libibus	ibus	1.5.34-1	aarch64	libibus-1.5.34-1-aarch64.pkg.tar.xz	f1f7a63d078d700c7a1e28d2388c233fedea20ab55739bd4d7d02b1800c921f9	407956	3804460	https://mirror.archlinuxarm.org/aarch64/extra/libibus-1.5.34-1-aarch64.pkg.tar.xz	https://archlinuxarm.org/packages/aarch64/libibus	https://archlinuxarm.org/packages/aarch64/libibus/files
live	extra	libical	libical	4.0.3-3	aarch64	libical-4.0.3-3-aarch64.pkg.tar.xz	e8106d7cde5ca01626b30d264de7d889465d90fa05eaee6d5cc5198b42d14c45	699804	7404526	https://mirror.archlinuxarm.org/aarch64/extra/libical-4.0.3-3-aarch64.pkg.tar.xz	https://archlinuxarm.org/packages/aarch64/libical	https://archlinuxarm.org/packages/aarch64/libical/files
live	extra	libice	libice	1.1.2-1	aarch64	libice-1.1.2-1-aarch64.pkg.tar.xz	a4ad016e993915e0aba8037ef0b9602ee55d9198b115c5d76a3397a4dda3c846	75552	403025	https://mirror.archlinuxarm.org/aarch64/extra/libice-1.1.2-1-aarch64.pkg.tar.xz	https://archlinuxarm.org/packages/aarch64/libice	https://archlinuxarm.org/packages/aarch64/libice/files
live+build	core	libidn2	libidn2	2.3.8-1	aarch64	libidn2-2.3.8-1-aarch64.pkg.tar.xz	43224d721d0afb6bc99af5c7a546dd0c7cff44b597224fc5f5f8d6c5a7c14d89	146036	491056	https://mirror.archlinuxarm.org/aarch64/core/libidn2-2.3.8-1-aarch64.pkg.tar.xz	https://archlinuxarm.org/packages/aarch64/libidn2	https://archlinuxarm.org/packages/aarch64/libidn2/files
live	extra	libiec61883	libiec61883	1.2.0-9	aarch64	libiec61883-1.2.0-9-aarch64.pkg.tar.xz	0ce1403ff5e051eb280b7027cc8f671bc58f335604aaa48a5d204b33bc1daae0	30756	240245	https://mirror.archlinuxarm.org/aarch64/extra/libiec61883-1.2.0-9-aarch64.pkg.tar.xz	https://archlinuxarm.org/packages/aarch64/libiec61883	https://archlinuxarm.org/packages/aarch64/libiec61883/files
live	extra	libimobiledevice	libimobiledevice	1.4.0-2	aarch64	libimobiledevice-1.4.0-2-aarch64.pkg.tar.xz	d3430b5f125168a47de50519905d9d203195f4fc4beb79268549f1b7447adff2	630616	7544184	https://mirror.archlinuxarm.org/aarch64/extra/libimobiledevice-1.4.0-2-aarch64.pkg.tar.xz	https://archlinuxarm.org/packages/aarch64/libimobiledevice	https://archlinuxarm.org/packages/aarch64/libimobiledevice/files
live	extra	libimobiledevice-glue	libimobiledevice-glue	1.3.2-1	aarch64	libimobiledevice-glue-1.3.2-1-aarch64.pkg.tar.xz	5f03793e06638133338af1d4358355625e2133bcfe9ef8070d62a8413d3fc054	35000	158645	https://mirror.archlinuxarm.org/aarch64/extra/libimobiledevice-glue-1.3.2-1-aarch64.pkg.tar.xz	https://archlinuxarm.org/packages/aarch64/libimobiledevice-glue	https://archlinuxarm.org/packages/aarch64/libimobiledevice-glue/files
live	core	libinih	libinih	62-2	aarch64	libinih-62-2-aarch64.pkg.tar.xz	c561dff1db53c3b11bcef7e694e6b9dc4b36133ff81038e52777568ba470f1fc	19796	148473	https://mirror.archlinuxarm.org/aarch64/core/libinih-62-2-aarch64.pkg.tar.xz	https://archlinuxarm.org/packages/aarch64/libinih	https://archlinuxarm.org/packages/aarch64/libinih/files
live	extra	libinput	libinput	1.31.3-1	aarch64	libinput-1.31.3-1-aarch64.pkg.tar.xz	33b2f3674ca104b4d7dda0a1d780ca709572d4652a8eff1459c195441776aadd	209860	1046765	https://mirror.archlinuxarm.org/aarch64/extra/libinput-1.31.3-1-aarch64.pkg.tar.xz	https://archlinuxarm.org/packages/aarch64/libinput	https://archlinuxarm.org/packages/aarch64/libinput/files
live	extra	libiptcdata	libiptcdata	1.0.5-5	aarch64	libiptcdata-1.0.5-5-aarch64.pkg.tar.xz	65ce932d2b5f8937cb748a0e338c4ee5ff025bcbb226f7433ba9936353118de6	42984	280339	https://mirror.archlinuxarm.org/aarch64/extra/libiptcdata-1.0.5-5-aarch64.pkg.tar.xz	https://archlinuxarm.org/packages/aarch64/libiptcdata	https://archlinuxarm.org/packages/aarch64/libiptcdata/files
build	extra	libisoburn	libisoburn	1.5.8.2-1	aarch64	libisoburn-1.5.8.2-1-aarch64.pkg.tar.xz	de67177c4b9867014a9f83a2db4cfeddec87a426704bf67e06a45d561b96bb7a	816828	2123349	https://mirror.archlinuxarm.org/aarch64/extra/libisoburn-1.5.8.2-1-aarch64.pkg.tar.xz	https://archlinuxarm.org/packages/aarch64/libisoburn	https://archlinuxarm.org/packages/aarch64/libisoburn/files
build	extra	libisofs	libisofs	1.5.8.2-1	aarch64	libisofs-1.5.8.2-1-aarch64.pkg.tar.xz	2cccb72928a6abd5a06eebe4f954b260dede7638c58c1ec53cc614ebde27c561	265444	904021	https://mirror.archlinuxarm.org/aarch64/extra/libisofs-1.5.8.2-1-aarch64.pkg.tar.xz	https://archlinuxarm.org/packages/aarch64/libisofs	https://archlinuxarm.org/packages/aarch64/libisofs/files
live	extra	libjpeg-turbo	libjpeg-turbo	3.2.0-2	aarch64	libjpeg-turbo-3.2.0-2-aarch64.pkg.tar.xz	fd1cd460ef3a4bbeb1a660f9f4bbacd09d6dd817a10f0300891a6a552fddb5ec	503296	2803819	https://mirror.archlinuxarm.org/aarch64/extra/libjpeg-turbo-3.2.0-2-aarch64.pkg.tar.xz	https://archlinuxarm.org/packages/aarch64/libjpeg-turbo	https://archlinuxarm.org/packages/aarch64/libjpeg-turbo/files
live	extra	libjxl	libjxl	0.12.0-1	aarch64	libjxl-0.12.0-1-aarch64.pkg.tar.xz	fb4a1fdfb0fe1e8434578abcd6c6e84d4e89a9bdb2ed44334f0a1a7a94306c45	1243932	8907449	https://mirror.archlinuxarm.org/aarch64/extra/libjxl-0.12.0-1-aarch64.pkg.tar.xz	https://archlinuxarm.org/packages/aarch64/libjxl	https://archlinuxarm.org/packages/aarch64/libjxl/files
live+build	core	libksba	libksba	1.8.0-1	aarch64	libksba-1.8.0-1-aarch64.pkg.tar.xz	94c46ea4b883062ad4718fd695fcd39928a3a76bd14c838010c6330df243890f	134016	392579	https://mirror.archlinuxarm.org/aarch64/core/libksba-1.8.0-1-aarch64.pkg.tar.xz	https://archlinuxarm.org/packages/aarch64/libksba	https://archlinuxarm.org/packages/aarch64/libksba/files
live	extra	liblc3	liblc3	1.1.3-2	aarch64	liblc3-1.1.3-2-aarch64.pkg.tar.xz	63705c3df9a27ee6673585ec2adea6bca6e1cc597c5d8da7f4e39565ad7a8e26	106540	437524	https://mirror.archlinuxarm.org/aarch64/extra/liblc3-1.1.3-2-aarch64.pkg.tar.xz	https://archlinuxarm.org/packages/aarch64/liblc3	https://archlinuxarm.org/packages/aarch64/liblc3/files
live	extra	libldac	libldac	2.0.2.6-1	aarch64	libldac-2.0.2.6-1-aarch64.pkg.tar.xz	fef1b517fed8f60b0dc87a50ad73bdeec3a36329ec59d1beb5106bb9135365ec	32772	165854	https://mirror.archlinuxarm.org/aarch64/extra/libldac-2.0.2.6-1-aarch64.pkg.tar.xz	https://archlinuxarm.org/packages/aarch64/libldac	https://archlinuxarm.org/packages/aarch64/libldac/files
live+build	core	libldap	openldap	2.6.13-1	aarch64	libldap-2.6.13-1-aarch64.pkg.tar.xz	c3b1711223e2be9c693083ac7980d51929d26e82d7434dff0b9d3e8f206f8bb9	268476	767758	https://mirror.archlinuxarm.org/aarch64/core/libldap-2.6.13-1-aarch64.pkg.tar.xz	https://archlinuxarm.org/packages/aarch64/libldap	https://archlinuxarm.org/packages/aarch64/libldap/files
live	extra	liblouis	liblouis	3.38.0-1	aarch64	liblouis-3.38.0-1-aarch64.pkg.tar.xz	d073691fb914ce53ee260fed81defbde0826646f184a049601b834967fce7dee	2444348	14704294	https://mirror.archlinuxarm.org/aarch64/extra/liblouis-3.38.0-1-aarch64.pkg.tar.xz	https://archlinuxarm.org/packages/aarch64/liblouis	https://archlinuxarm.org/packages/aarch64/liblouis/files
live	core	liblsan	gcc	16.1.1+r12+g301eb08fa2c5-1	aarch64	liblsan-16.1.1+r12+g301eb08fa2c5-1-aarch64.pkg.tar.xz	4e109ab2ab62d922bd3453593f5c8824cadbdf445c4a37000c2636f272e05c78	193756	605748	https://mirror.archlinuxarm.org/aarch64/core/liblsan-16.1.1+r12+g301eb08fa2c5-1-aarch64.pkg.tar.xz	https://archlinuxarm.org/packages/aarch64/liblsan	https://archlinuxarm.org/packages/aarch64/liblsan/files
live+build	core	libmakepkg-dropins	libmakepkg-dropins	20-1	any	libmakepkg-dropins-20-1-any.pkg.tar.xz	d62aca78959f49250c2249aa4aaa0491853a90c4d275a625877781a6ea54ca4b	6084	11493	https://mirror.archlinuxarm.org/aarch64/core/libmakepkg-dropins-20-1-any.pkg.tar.xz	https://archlinuxarm.org/packages/aarch64/libmakepkg-dropins	https://archlinuxarm.org/packages/aarch64/libmakepkg-dropins/files
live	extra	libmalcontent	malcontent	0.14.0-4	aarch64	libmalcontent-0.14.0-4-aarch64.pkg.tar.xz	5f814fe8b1e4194ae456c8cd9c4c15409a504b0686231703109a01ba37f5e544	63200	440754	https://mirror.archlinuxarm.org/aarch64/extra/libmalcontent-0.14.0-4-aarch64.pkg.tar.xz	https://archlinuxarm.org/packages/aarch64/libmalcontent	https://archlinuxarm.org/packages/aarch64/libmalcontent/files
live	extra	libmanette	libmanette	0.2.13-2	aarch64	libmanette-0.2.13-2-aarch64.pkg.tar.xz	c6407145017f2ab87640b3198c5721ecc6b86480998e5943a3a9162e3f152418	52652	533804	https://mirror.archlinuxarm.org/aarch64/extra/libmanette-0.2.13-2-aarch64.pkg.tar.xz	https://archlinuxarm.org/packages/aarch64/libmanette	https://archlinuxarm.org/packages/aarch64/libmanette/files
live	extra	libmbim	libmbim	1.34.0-1	aarch64	libmbim-1.34.0-1-aarch64.pkg.tar.xz	24715b58a165367a5078756c70b0b927075f40a20a9e589c86e272db2e452377	404032	4000272	https://mirror.archlinuxarm.org/aarch64/extra/libmbim-1.34.0-1-aarch64.pkg.tar.xz	https://archlinuxarm.org/packages/aarch64/libmbim	https://archlinuxarm.org/packages/aarch64/libmbim/files
live	extra	libmd	libmd	1.2.0-1	aarch64	libmd-1.2.0-1-aarch64.pkg.tar.xz	2bcd0088c3e5f0380a7cb5204aecf78f1cc054d95e1d7164a987fa81c755956d	53676	124215	https://mirror.archlinuxarm.org/aarch64/extra/libmd-1.2.0-1-aarch64.pkg.tar.xz	https://archlinuxarm.org/packages/aarch64/libmd	https://archlinuxarm.org/packages/aarch64/libmd/files
live	extra	libmm-glib	modemmanager	1.24.2-1	aarch64	libmm-glib-1.24.2-1-aarch64.pkg.tar.xz	e5c0233fbb1596d585c661efde113dfa5ebdea63402e01d270fb8d81897f0627	543176	8045591	https://mirror.archlinuxarm.org/aarch64/extra/libmm-glib-1.24.2-1-aarch64.pkg.tar.xz	https://archlinuxarm.org/packages/aarch64/libmm-glib	https://archlinuxarm.org/packages/aarch64/libmm-glib/files
live	core	libmnl	libmnl	1.0.5-2	aarch64	libmnl-1.0.5-2-aarch64.pkg.tar.xz	26ffbdeef8a4a694541bb09e44bf0132c862a36773e1cfbff18ae42511509753	10664	30820	https://mirror.archlinuxarm.org/aarch64/core/libmnl-1.0.5-2-aarch64.pkg.tar.xz	https://archlinuxarm.org/packages/aarch64/libmnl	https://archlinuxarm.org/packages/aarch64/libmnl/files
live	extra	libmodplug	libmodplug	0.8.9.0-7	aarch64	libmodplug-0.8.9.0-7-aarch64.pkg.tar.xz	b981d39eaa65eab18192c174f2dfafe0cc2579a00d6defbc296cceed2e9a8517	150424	374988	https://mirror.archlinuxarm.org/aarch64/extra/libmodplug-0.8.9.0-7-aarch64.pkg.tar.xz	https://archlinuxarm.org/packages/aarch64/libmodplug	https://archlinuxarm.org/packages/aarch64/libmodplug/files
live	extra	libmtp	libmtp	1.1.23-1	aarch64	libmtp-1.1.23-1-aarch64.pkg.tar.xz	3d8916300599561f5649be494c8879449067e9decc490f070c663a877b90f238	632600	6834666	https://mirror.archlinuxarm.org/aarch64/extra/libmtp-1.1.23-1-aarch64.pkg.tar.xz	https://archlinuxarm.org/packages/aarch64/libmtp	https://archlinuxarm.org/packages/aarch64/libmtp/files
live	extra	libmysofa	libmysofa	1.3.4-1	aarch64	libmysofa-1.3.4-1-aarch64.pkg.tar.xz	76979b9b875428a3a1448b3c26282b616615762c9d40ce075aa0a670673cbf88	1158584	1329594	https://mirror.archlinuxarm.org/aarch64/extra/libmysofa-1.3.4-1-aarch64.pkg.tar.xz	https://archlinuxarm.org/packages/aarch64/libmysofa	https://archlinuxarm.org/packages/aarch64/libmysofa/files
live	extra	libnautilus-extension	nautilus	50.2.2-1	aarch64	libnautilus-extension-50.2.2-1-aarch64.pkg.tar.xz	294fb1935416c0622356d86d1c0f7743482fe30ff2a43f601a4f3d60bac5336e	31284	246264	https://mirror.archlinuxarm.org/aarch64/extra/libnautilus-extension-50.2.2-1-aarch64.pkg.tar.xz	https://archlinuxarm.org/packages/aarch64/libnautilus-extension	https://archlinuxarm.org/packages/aarch64/libnautilus-extension/files
live	extra	libndp	libndp	1.9-1	aarch64	libndp-1.9-1-aarch64.pkg.tar.xz	eb095019df469b96d728ef91cbf50e90ecd8482dcbda17fcbc3091b24e87e6c7	18820	144568	https://mirror.archlinuxarm.org/aarch64/extra/libndp-1.9-1-aarch64.pkg.tar.xz	https://archlinuxarm.org/packages/aarch64/libndp	https://archlinuxarm.org/packages/aarch64/libndp/files
live	core	libnetfilter_conntrack	libnetfilter_conntrack	1.1.1-1	aarch64	libnetfilter_conntrack-1.1.1-1-aarch64.pkg.tar.xz	52fc6dbcbf56604b4410ca93c3864d2a176c5b593eee380fe35e3e9fbe5fb0ac	46188	172017	https://mirror.archlinuxarm.org/aarch64/core/libnetfilter_conntrack-1.1.1-1-aarch64.pkg.tar.xz	https://archlinuxarm.org/packages/aarch64/libnetfilter_conntrack	https://archlinuxarm.org/packages/aarch64/libnetfilter_conntrack/files
live	extra	libnewt	libnewt	0.52.25-2	aarch64	libnewt-0.52.25-2-aarch64.pkg.tar.xz	957ba14b3781acaad75817096ddb1d3833f5abb128ad596276f4b2c08870e5a4	86656	432537	https://mirror.archlinuxarm.org/aarch64/extra/libnewt-0.52.25-2-aarch64.pkg.tar.xz	https://archlinuxarm.org/packages/aarch64/libnewt	https://archlinuxarm.org/packages/aarch64/libnewt/files
live	core	libnfnetlink	libnfnetlink	1.0.2-2	aarch64	libnfnetlink-1.0.2-2-aarch64.pkg.tar.xz	1dc20210dccb048867d758a0e7bf34674636472fbbc8c2b1162ba1b5ca0f157b	16012	42932	https://mirror.archlinuxarm.org/aarch64/core/libnfnetlink-1.0.2-2-aarch64.pkg.tar.xz	https://archlinuxarm.org/packages/aarch64/libnfnetlink	https://archlinuxarm.org/packages/aarch64/libnfnetlink/files
live	core	libnftnl	libnftnl	1.3.1-1	aarch64	libnftnl-1.3.1-1-aarch64.pkg.tar.xz	e7889f8eddf55768fa7851cadf2a19505eef64430a675ebabbb121ba676d7a4a	65992	319016	https://mirror.archlinuxarm.org/aarch64/core/libnftnl-1.3.1-1-aarch64.pkg.tar.xz	https://archlinuxarm.org/packages/aarch64/libnftnl	https://archlinuxarm.org/packages/aarch64/libnftnl/files
live+build	core	libnghttp2	libnghttp2	1.69.0-1	aarch64	libnghttp2-1.69.0-1-aarch64.pkg.tar.xz	4468a9391cdda012b6c7403cd7da39a1203ba1242b738889ac18c23fa2d48722	95488	445219	https://mirror.archlinuxarm.org/aarch64/core/libnghttp2-1.69.0-1-aarch64.pkg.tar.xz	https://archlinuxarm.org/packages/aarch64/libnghttp2	https://archlinuxarm.org/packages/aarch64/libnghttp2/files
live+build	core	libnghttp3	libnghttp3	1.17.0-1	aarch64	libnghttp3-1.17.0-1-aarch64.pkg.tar.xz	bc9f4b1d216cf0dfa16929202814478a777fef1b038f4c8024892e29e3f22247	78816	326946	https://mirror.archlinuxarm.org/aarch64/core/libnghttp3-1.17.0-1-aarch64.pkg.tar.xz	https://archlinuxarm.org/packages/aarch64/libnghttp3	https://archlinuxarm.org/packages/aarch64/libnghttp3/files
live+build	core	libngtcp2	libngtcp2	1.24.0-1	aarch64	libngtcp2-1.24.0-1-aarch64.pkg.tar.xz	a11ad72de8ed6afbed32854c7536ba595ec74d56fbbd214a39f3f6bea6fbfb70	184596	847755	https://mirror.archlinuxarm.org/aarch64/core/libngtcp2-1.24.0-1-aarch64.pkg.tar.xz	https://archlinuxarm.org/packages/aarch64/libngtcp2	https://archlinuxarm.org/packages/aarch64/libngtcp2/files
live	extra	libnice	libnice	0.1.23-1	aarch64	libnice-0.1.23-1-aarch64.pkg.tar.xz	98cc0e2fa45ed2b75fcdff9baab1f0775e32a70b72a39d491d2ad8575611da29	298752	2065928	https://mirror.archlinuxarm.org/aarch64/extra/libnice-0.1.23-1-aarch64.pkg.tar.xz	https://archlinuxarm.org/packages/aarch64/libnice	https://archlinuxarm.org/packages/aarch64/libnice/files
live	core	libnl	libnl	3.12.0-1	aarch64	libnl-3.12.0-1-aarch64.pkg.tar.xz	90940a51b3614f618d5e7e32552745fcf5c2495cbdde207d81737e7b09e875f3	395236	5654805	https://mirror.archlinuxarm.org/aarch64/core/libnl-3.12.0-1-aarch64.pkg.tar.xz	https://archlinuxarm.org/packages/aarch64/libnl	https://archlinuxarm.org/packages/aarch64/libnl/files
live	extra	libnm	networkmanager	1.58.0-1	aarch64	libnm-1.58.0-1-aarch64.pkg.tar.xz	e356520a924cecc72b6930cae5ddab4cfdded7c598a9c2c559148594c9582e77	865392	7082948	https://mirror.archlinuxarm.org/aarch64/extra/libnm-1.58.0-1-aarch64.pkg.tar.xz	https://archlinuxarm.org/packages/aarch64/libnm	https://archlinuxarm.org/packages/aarch64/libnm/files
live	extra	libnma-common	libnma	1.10.6-3	aarch64	libnma-common-1.10.6-3-aarch64.pkg.tar.xz	a9283ef83f540ca43e8e16a2893f755a64c3007d382de143183be17c9014466e	170484	1118524	https://mirror.archlinuxarm.org/aarch64/extra/libnma-common-1.10.6-3-aarch64.pkg.tar.xz	https://archlinuxarm.org/packages/aarch64/libnma-common	https://archlinuxarm.org/packages/aarch64/libnma-common/files
live	extra	libnma-gtk4	libnma	1.10.6-3	aarch64	libnma-gtk4-1.10.6-3-aarch64.pkg.tar.xz	a1ac5b3a55b83872aaa21842adb82217decbbddc9986abaa91d0e44754ca63c1	98676	566736	https://mirror.archlinuxarm.org/aarch64/extra/libnma-gtk4-1.10.6-3-aarch64.pkg.tar.xz	https://archlinuxarm.org/packages/aarch64/libnma-gtk4	https://archlinuxarm.org/packages/aarch64/libnma-gtk4/files
live	extra	libnotify	libnotify	0.8.8-1	aarch64	libnotify-0.8.8-1-aarch64.pkg.tar.xz	4dadb77971d9bdae90afc13582983fafd410f05c14ccf2a6b37f00872adbee66	38660	233782	https://mirror.archlinuxarm.org/aarch64/extra/libnotify-0.8.8-1-aarch64.pkg.tar.xz	https://archlinuxarm.org/packages/aarch64/libnotify	https://archlinuxarm.org/packages/aarch64/libnotify/files
live+build	core	libnsl	libnsl	2.0.1-2	aarch64	libnsl-2.0.1-2-aarch64.pkg.tar.xz	4f37f2ed67a79d76458e3af7b8bcdb0fef0cf35e0ba71569b7fbb0388d592619	21044	108730	https://mirror.archlinuxarm.org/aarch64/core/libnsl-2.0.1-2-aarch64.pkg.tar.xz	https://archlinuxarm.org/packages/aarch64/libnsl	https://archlinuxarm.org/packages/aarch64/libnsl/files
live	extra	libntfs-3g	ntfs-3g	2026.7.7-1	aarch64	libntfs-3g-2026.7.7-1-aarch64.pkg.tar.xz	1f3b0ec0dcd70f9c729167efeca4d2f8e1c58cd4059fbeb4725964cec958b697	201896	678731	https://mirror.archlinuxarm.org/aarch64/extra/libntfs-3g-2026.7.7-1-aarch64.pkg.tar.xz	https://archlinuxarm.org/packages/aarch64/libntfs-3g	https://archlinuxarm.org/packages/aarch64/libntfs-3g/files
live	extra	libnvme	libnvme	1.16.2-1	aarch64	libnvme-1.16.2-1-aarch64.pkg.tar.xz	84fc02169d3360affd9558a898f4ffe99cbf8fa9e2d4d545ad397861d063eb60	285500	1962232	https://mirror.archlinuxarm.org/aarch64/extra/libnvme-1.16.2-1-aarch64.pkg.tar.xz	https://archlinuxarm.org/packages/aarch64/libnvme	https://archlinuxarm.org/packages/aarch64/libnvme/files
live	core	libobjc	gcc	16.1.1+r12+g301eb08fa2c5-1	aarch64	libobjc-16.1.1+r12+g301eb08fa2c5-1-aarch64.pkg.tar.xz	61742f90c1cc572aed5c1f0068387a4e860e6a779e89e9fd1b1b3a7e61fb1c1c	33740	138964	https://mirror.archlinuxarm.org/aarch64/core/libobjc-16.1.1+r12+g301eb08fa2c5-1-aarch64.pkg.tar.xz	https://archlinuxarm.org/packages/aarch64/libobjc	https://archlinuxarm.org/packages/aarch64/libobjc/files
live	extra	libogg	libogg	1.3.6-1	aarch64	libogg-1.3.6-1-aarch64.pkg.tar.xz	91a402c06a669649cf463d17788fcd67c1993489008116193a900b19a7ada75e	199192	488625	https://mirror.archlinuxarm.org/aarch64/extra/libogg-1.3.6-1-aarch64.pkg.tar.xz	https://archlinuxarm.org/packages/aarch64/libogg	https://archlinuxarm.org/packages/aarch64/libogg/files
live	extra	libopenmpt	libopenmpt	0.8.7-1	aarch64	libopenmpt-0.8.7-1-aarch64.pkg.tar.xz	be58195a43cefa627ca23388a8742d6dfce0b25dcbc5a7131dc339ee8243a230	1047260	3525191	https://mirror.archlinuxarm.org/aarch64/extra/libopenmpt-0.8.7-1-aarch64.pkg.tar.xz	https://archlinuxarm.org/packages/aarch64/libopenmpt	https://archlinuxarm.org/packages/aarch64/libopenmpt/files
live	extra	libosinfo	libosinfo	1.12.0-3	aarch64	libosinfo-1.12.0-3-aarch64.pkg.tar.xz	9f433f6b500c1f43af682cae84a1f05256e9761e1a346913b99819063a10c47c	265024	3125513	https://mirror.archlinuxarm.org/aarch64/extra/libosinfo-1.12.0-3-aarch64.pkg.tar.xz	https://archlinuxarm.org/packages/aarch64/libosinfo	https://archlinuxarm.org/packages/aarch64/libosinfo/files
live+build	core	libp11-kit	p11-kit	0.26.4-1	aarch64	libp11-kit-0.26.4-1-aarch64.pkg.tar.xz	2e14e38c616cef2d7f4d1c79347b154c2ae99f6d2e95cb9c1c356027cf718980	417900	4249172	https://mirror.archlinuxarm.org/aarch64/core/libp11-kit-0.26.4-1-aarch64.pkg.tar.xz	https://archlinuxarm.org/packages/aarch64/libp11-kit	https://archlinuxarm.org/packages/aarch64/libp11-kit/files
live	core	libpcap	libpcap	1.10.6-1	aarch64	libpcap-1.10.6-1-aarch64.pkg.tar.xz	75a020a3307129210233dd2c08016edc6f5a1f42781a1debbbe537d14a930b77	282780	695145	https://mirror.archlinuxarm.org/aarch64/core/libpcap-1.10.6-1-aarch64.pkg.tar.xz	https://archlinuxarm.org/packages/aarch64/libpcap	https://archlinuxarm.org/packages/aarch64/libpcap/files
live	extra	libpciaccess	libpciaccess	0.19-1	aarch64	libpciaccess-0.19-1-aarch64.pkg.tar.xz	d490a86384c25a9258e7eec84f5eaceca072e6ca45c37972e12f6e8a3da3766d	20856	88272	https://mirror.archlinuxarm.org/aarch64/extra/libpciaccess-0.19-1-aarch64.pkg.tar.xz	https://archlinuxarm.org/packages/aarch64/libpciaccess	https://archlinuxarm.org/packages/aarch64/libpciaccess/files
live	extra	libpgm	libpgm	5.3.128-4	aarch64	libpgm-5.3.128-4-aarch64.pkg.tar.xz	9bfc588e91f3c68639538c6eec8bd50905095fb7a480392ec69503b4f7b57009	164780	411083	https://mirror.archlinuxarm.org/aarch64/extra/libpgm-5.3.128-4-aarch64.pkg.tar.xz	https://archlinuxarm.org/packages/aarch64/libpgm	https://archlinuxarm.org/packages/aarch64/libpgm/files
live	core	libpipeline	libpipeline	1.5.8-1	aarch64	libpipeline-1.5.8-1-aarch64.pkg.tar.xz	5f7d3c54a67544ce11bc87727f2b0c2180f26b9afc5b0f7ed9bc2459cc9a0c1a	42844	159989	https://mirror.archlinuxarm.org/aarch64/core/libpipeline-1.5.8-1-aarch64.pkg.tar.xz	https://archlinuxarm.org/packages/aarch64/libpipeline	https://archlinuxarm.org/packages/aarch64/libpipeline/files
live	extra	libpipewire	pipewire	1:1.6.8-1	aarch64	libpipewire-1:1.6.8-1-aarch64.pkg.tar.xz	2af4060e5001c699d4a5ce65285722f24e58f2a7e5ada1e5d2da63aba31f2c07	489492	2334876	https://mirror.archlinuxarm.org/aarch64/extra/libpipewire-1:1.6.8-1-aarch64.pkg.tar.xz	https://archlinuxarm.org/packages/aarch64/libpipewire	https://archlinuxarm.org/packages/aarch64/libpipewire/files
live	alarm	libpisp	libpisp	1.5.0-1	aarch64	libpisp-1.5.0-1-aarch64.pkg.tar.xz	06101bf686e9e53cf0beec44af52db11cf8b52f90fbaae9dde80cb39a52d84c7	174136	684793	https://mirror.archlinuxarm.org/aarch64/alarm/libpisp-1.5.0-1-aarch64.pkg.tar.xz	https://archlinuxarm.org/packages/aarch64/libpisp	https://archlinuxarm.org/packages/aarch64/libpisp/files
live	extra	libplacebo	libplacebo	7.360.1-3	aarch64	libplacebo-7.360.1-3-aarch64.pkg.tar.xz	6046f9ffa80929ee16e4b07b8648dfe562d4a7cc90ce5b0d0dbf19ae669c6353	458944	1650098	https://mirror.archlinuxarm.org/aarch64/extra/libplacebo-7.360.1-3-aarch64.pkg.tar.xz	https://archlinuxarm.org/packages/aarch64/libplacebo	https://archlinuxarm.org/packages/aarch64/libplacebo/files
live	extra	libplist	libplist	2.7.0-3	aarch64	libplist-2.7.0-3-aarch64.pkg.tar.xz	d7dad53d8d174bdd6556dc6d8e60f3b49b2ee8749e39aef2642f6400bf1929a9	146200	758213	https://mirror.archlinuxarm.org/aarch64/extra/libplist-2.7.0-3-aarch64.pkg.tar.xz	https://archlinuxarm.org/packages/aarch64/libplist	https://archlinuxarm.org/packages/aarch64/libplist/files
live	extra	libpng	libpng	1.6.58-2	aarch64	libpng-1.6.58-2-aarch64.pkg.tar.xz	feeae0049a26cb65612180df8bd3916eccc1ac6c2b5c290598045403364a360e	239264	800557	https://mirror.archlinuxarm.org/aarch64/extra/libpng-1.6.58-2-aarch64.pkg.tar.xz	https://archlinuxarm.org/packages/aarch64/libpng	https://archlinuxarm.org/packages/aarch64/libpng/files
live	extra	libportal	libportal	0.10.0-1	aarch64	libportal-0.10.0-1-aarch64.pkg.tar.xz	2f1fd807aa6111e881af9a6e97e8ebd88c37a7bc9fe464c8820a2a1f888e0f73	97972	718905	https://mirror.archlinuxarm.org/aarch64/extra/libportal-0.10.0-1-aarch64.pkg.tar.xz	https://archlinuxarm.org/packages/aarch64/libportal	https://archlinuxarm.org/packages/aarch64/libportal/files
live	extra	libportal-gtk4	libportal	0.10.0-1	aarch64	libportal-gtk4-0.10.0-1-aarch64.pkg.tar.xz	8f513016c50177a4b03123bd148de0c22bcc35d87771a66dbd44449c4c4a52b0	12600	71438	https://mirror.archlinuxarm.org/aarch64/extra/libportal-gtk4-0.10.0-1-aarch64.pkg.tar.xz	https://archlinuxarm.org/packages/aarch64/libportal-gtk4	https://archlinuxarm.org/packages/aarch64/libportal-gtk4/files
live	extra	libproxy	libproxy	0.5.12-1	aarch64	libproxy-0.5.12-1-aarch64.pkg.tar.xz	071afd9aaa0dc6f45f5e81e51c9122aacfadf85726962d013fdecb67cbfcec9b	27912	217656	https://mirror.archlinuxarm.org/aarch64/extra/libproxy-0.5.12-1-aarch64.pkg.tar.xz	https://archlinuxarm.org/packages/aarch64/libproxy	https://archlinuxarm.org/packages/aarch64/libproxy/files
live+build	core	libpsl	libpsl	0.21.5-2	aarch64	libpsl-0.21.5-2-aarch64.pkg.tar.xz	8b565fcb0128be8c4c16ab82b3f9379348db6aeeffc3c639937eeedbe00fa500	84892	330334	https://mirror.archlinuxarm.org/aarch64/core/libpsl-0.21.5-2-aarch64.pkg.tar.xz	https://archlinuxarm.org/packages/aarch64/libpsl	https://archlinuxarm.org/packages/aarch64/libpsl/files
live	extra	libpulse	pulseaudio	17.0+r98+gb096704c0-1	aarch64	libpulse-17.0+r98+gb096704c0-1-aarch64.pkg.tar.xz	f6ba952dd3e9cc914cbb78f06ab5c6daaebaa115438238c06dbe42dfa71160d2	346904	1850148	https://mirror.archlinuxarm.org/aarch64/extra/libpulse-17.0+r98+gb096704c0-1-aarch64.pkg.tar.xz	https://archlinuxarm.org/packages/aarch64/libpulse	https://archlinuxarm.org/packages/aarch64/libpulse/files
live	extra	libpwquality	libpwquality	1.4.5-7	aarch64	libpwquality-1.4.5-7-aarch64.pkg.tar.xz	2b0da2e50f2ac88af4e3e11468f13c4873f0757a6891815ef93658aef0260ee2	89888	692051	https://mirror.archlinuxarm.org/aarch64/extra/libpwquality-1.4.5-7-aarch64.pkg.tar.xz	https://archlinuxarm.org/packages/aarch64/libpwquality	https://archlinuxarm.org/packages/aarch64/libpwquality/files
live	extra	libqmi	libqmi	1.38.0-1	aarch64	libqmi-1.38.0-1-aarch64.pkg.tar.xz	5f8c83c2deba0d9c889bd5f0ae69d99f3768895deab413f9e73732dc4924e102	1787348	23412607	https://mirror.archlinuxarm.org/aarch64/extra/libqmi-1.38.0-1-aarch64.pkg.tar.xz	https://archlinuxarm.org/packages/aarch64/libqmi	https://archlinuxarm.org/packages/aarch64/libqmi/files
live	extra	libqrtr-glib	libqrtr-glib	1.4.0-1	aarch64	libqrtr-glib-1.4.0-1-aarch64.pkg.tar.xz	695d81433d0c9686efa792e9e3a5a8dbfda050a36bbbce5c424415de5f9cd96a	24780	162461	https://mirror.archlinuxarm.org/aarch64/extra/libqrtr-glib-1.4.0-1-aarch64.pkg.tar.xz	https://archlinuxarm.org/packages/aarch64/libqrtr-glib	https://archlinuxarm.org/packages/aarch64/libqrtr-glib/files
live	core	libquadmath	gcc	16.1.1+r12+g301eb08fa2c5-1	aarch64	libquadmath-16.1.1+r12+g301eb08fa2c5-1-aarch64.pkg.tar.xz	d97f0d43fe0212774d591a6d43b05da78590e4261af71b7a1b26097e63dc57eb	4168	3324	https://mirror.archlinuxarm.org/aarch64/core/libquadmath-16.1.1+r12+g301eb08fa2c5-1-aarch64.pkg.tar.xz	https://archlinuxarm.org/packages/aarch64/libquadmath	https://archlinuxarm.org/packages/aarch64/libquadmath/files
live	extra	libraw1394	libraw1394	2.1.2-4	aarch64	libraw1394-2.1.2-4-aarch64.pkg.tar.xz	6b212ae0cbac953c6ee36c2730f03f5ab6aa718e1595d8a8100b05c4a986fb23	46224	390804	https://mirror.archlinuxarm.org/aarch64/extra/libraw1394-2.1.2-4-aarch64.pkg.tar.xz	https://archlinuxarm.org/packages/aarch64/libraw1394	https://archlinuxarm.org/packages/aarch64/libraw1394/files
live	extra	librest	librest	0.10.2-1	aarch64	librest-0.10.2-1-aarch64.pkg.tar.xz	3996bf5b3d2507a5161ee87660c18a09ba7adcd3d9e2b518dab3b9d21ddec2ce	70308	502241	https://mirror.archlinuxarm.org/aarch64/extra/librest-0.10.2-1-aarch64.pkg.tar.xz	https://archlinuxarm.org/packages/aarch64/librest	https://archlinuxarm.org/packages/aarch64/librest/files
live	extra	librsvg	librsvg	2:2.62.3-1	aarch64	librsvg-2:2.62.3-1-aarch64.pkg.tar.xz	ac326e01c246024c62d4fea5b96513b82a198042057ae66b12641a05127aabae	2011016	10317209	https://mirror.archlinuxarm.org/aarch64/extra/librsvg-2:2.62.3-1-aarch64.pkg.tar.xz	https://archlinuxarm.org/packages/aarch64/librsvg	https://archlinuxarm.org/packages/aarch64/librsvg/files
live	extra	libsamplerate	libsamplerate	0.2.2-3	aarch64	libsamplerate-0.2.2-3-aarch64.pkg.tar.xz	9292168d3d836579fb1af20ede097470638332bb2691097ea760b7396a1ce6ca	989352	1637167	https://mirror.archlinuxarm.org/aarch64/extra/libsamplerate-0.2.2-3-aarch64.pkg.tar.xz	https://archlinuxarm.org/packages/aarch64/libsamplerate	https://archlinuxarm.org/packages/aarch64/libsamplerate/files
live+build	core	libsasl	libsasl	2.1.28-5	aarch64	libsasl-2.1.28-5-aarch64.pkg.tar.xz	5ec2f2ec119161f9e0f93a91f0f7001f9f401d5eb6dd1d7769988ee0308f92b2	139992	986051	https://mirror.archlinuxarm.org/aarch64/core/libsasl-2.1.28-5-aarch64.pkg.tar.xz	https://archlinuxarm.org/packages/aarch64/libsasl	https://archlinuxarm.org/packages/aarch64/libsasl/files
live+build	core	libseccomp	libseccomp	2.6.0-1	aarch64	libseccomp-2.6.0-1-aarch64.pkg.tar.xz	ebb62cc156a605aa3f024a6d2c9dd99ba66db6f50d9aeb75b8bb336316f0a2f5	91404	390540	https://mirror.archlinuxarm.org/aarch64/core/libseccomp-2.6.0-1-aarch64.pkg.tar.xz	https://archlinuxarm.org/packages/aarch64/libseccomp	https://archlinuxarm.org/packages/aarch64/libseccomp/files
live+build	core	libsecret	libsecret	0.21.7-1	aarch64	libsecret-0.21.7-1-aarch64.pkg.tar.xz	bef9f872678d8ecfff10723f17471dcf8c815d5efb393b8aa5a4c634bfa4c91f	175996	1344775	https://mirror.archlinuxarm.org/aarch64/core/libsecret-0.21.7-1-aarch64.pkg.tar.xz	https://archlinuxarm.org/packages/aarch64/libsecret	https://archlinuxarm.org/packages/aarch64/libsecret/files
live	extra	libshout	libshout	1:2.4.6-5	aarch64	libshout-1:2.4.6-5-aarch64.pkg.tar.xz	4a3ca9096e6f311a36828798f85318fcac4a020385fc3c733b3b1157d953fb33	66664	259741	https://mirror.archlinuxarm.org/aarch64/extra/libshout-1:2.4.6-5-aarch64.pkg.tar.xz	https://archlinuxarm.org/packages/aarch64/libshout	https://archlinuxarm.org/packages/aarch64/libshout/files
live	extra	libsigc++	libsigc++	2.12.2-1	aarch64	libsigc++-2.12.2-1-aarch64.pkg.tar.xz	759e722bdbd8be2e47850a38f51ff4df5e3d868ec730e869f96865b6e3eb13ed	67956	1229337	https://mirror.archlinuxarm.org/aarch64/extra/libsigc++-2.12.2-1-aarch64.pkg.tar.xz	https://archlinuxarm.org/packages/aarch64/libsigc++	https://archlinuxarm.org/packages/aarch64/libsigc++/files
live	extra	libsigc++-3.0	libsigc++-3.0	3.8.1-1	aarch64	libsigc++-3.0-3.8.1-1-aarch64.pkg.tar.xz	4c3926076c1569f6e270d09fae501572bb8aaa79df428fc570cda869c16ae1e8	50704	290455	https://mirror.archlinuxarm.org/aarch64/extra/libsigc++-3.0-3.8.1-1-aarch64.pkg.tar.xz	https://archlinuxarm.org/packages/aarch64/libsigc++-3.0	https://archlinuxarm.org/packages/aarch64/libsigc++-3.0/files
live	extra	libsm	libsm	1.2.6-1	aarch64	libsm-1.2.6-1-aarch64.pkg.tar.xz	023fe454c714f591cf3f6c1cf0fc07d61779d96b71836bffdd8e8b07536bfb8c	44556	300359	https://mirror.archlinuxarm.org/aarch64/extra/libsm-1.2.6-1-aarch64.pkg.tar.xz	https://archlinuxarm.org/packages/aarch64/libsm	https://archlinuxarm.org/packages/aarch64/libsm/files
live	extra	libsndfile	libsndfile	1.2.2-4	aarch64	libsndfile-1.2.2-4-aarch64.pkg.tar.xz	5f8995bee55c37fff098d20cc61ca7b1b4a13c4bc2c1181aea493cc267154d61	297312	1518171	https://mirror.archlinuxarm.org/aarch64/extra/libsndfile-1.2.2-4-aarch64.pkg.tar.xz	https://archlinuxarm.org/packages/aarch64/libsndfile	https://archlinuxarm.org/packages/aarch64/libsndfile/files
live	extra	libsodium	libsodium	1.0.22-1	aarch64	libsodium-1.0.22-1-aarch64.pkg.tar.xz	0df84ee0659a06e2c192c72782484a0a6402535178f4ee867bfcb636cf2ebab2	162092	586922	https://mirror.archlinuxarm.org/aarch64/extra/libsodium-1.0.22-1-aarch64.pkg.tar.xz	https://archlinuxarm.org/packages/aarch64/libsodium	https://archlinuxarm.org/packages/aarch64/libsodium/files
live	extra	libsonic	libsonic	0.2.0-2	aarch64	libsonic-0.2.0-2-aarch64.pkg.tar.xz	658f2ca1db69c5c2622f4092255d067778d0a5742acfe10f7738d1df6616283c	16120	143043	https://mirror.archlinuxarm.org/aarch64/extra/libsonic-0.2.0-2-aarch64.pkg.tar.xz	https://archlinuxarm.org/packages/aarch64/libsonic	https://archlinuxarm.org/packages/aarch64/libsonic/files
live	extra	libsoup3	libsoup3	3.6.6-2	aarch64	libsoup3-3.6.6-2-aarch64.pkg.tar.xz	7f54f46c525ed976b98595b260512a8e0320570b7141a0a0e9b25eb22c879d76	377812	2170486	https://mirror.archlinuxarm.org/aarch64/extra/libsoup3-3.6.6-2-aarch64.pkg.tar.xz	https://archlinuxarm.org/packages/aarch64/libsoup3	https://archlinuxarm.org/packages/aarch64/libsoup3/files
live	extra	libsoxr	libsoxr	0.1.3-5	aarch64	libsoxr-0.1.3-5-aarch64.pkg.tar.xz	c61e55285c17399b1fa70a35524b80049bc34bbc21c6f3e96537e01e7635e8e7	59252	285337	https://mirror.archlinuxarm.org/aarch64/extra/libsoxr-0.1.3-5-aarch64.pkg.tar.xz	https://archlinuxarm.org/packages/aarch64/libsoxr	https://archlinuxarm.org/packages/aarch64/libsoxr/files
live	extra	libspeechd	speech-dispatcher	0.12.1-3	aarch64	libspeechd-0.12.1-3-aarch64.pkg.tar.xz	e6cfe96d9c10650dd3fb56cfb44a38c315ba6f611dadd52c3b2e5b90e67ae715	27188	159775	https://mirror.archlinuxarm.org/aarch64/extra/libspeechd-0.12.1-3-aarch64.pkg.tar.xz	https://archlinuxarm.org/packages/aarch64/libspeechd	https://archlinuxarm.org/packages/aarch64/libspeechd/files
live	extra	libspelling	libspelling	0.4.10-1	aarch64	libspelling-0.4.10-1-aarch64.pkg.tar.xz	4840adef6b026d1828fed152d247da190a97515388934fce50c498e6e07365cf	76372	326635	https://mirror.archlinuxarm.org/aarch64/extra/libspelling-0.4.10-1-aarch64.pkg.tar.xz	https://archlinuxarm.org/packages/aarch64/libspelling	https://archlinuxarm.org/packages/aarch64/libspelling/files
live	extra	libssc	libssc	0.4.4-1	aarch64	libssc-0.4.4-1-aarch64.pkg.tar.xz	c65429123ee7ec43d8feca7cb034df0cd7c2eae27ab8eaea951226c4d14a5f84	59976	369456	https://mirror.archlinuxarm.org/aarch64/extra/libssc-0.4.4-1-aarch64.pkg.tar.xz	https://archlinuxarm.org/packages/aarch64/libssc	https://archlinuxarm.org/packages/aarch64/libssc/files
live	extra	libssh	libssh	0.12.1-1	aarch64	libssh-0.12.1-1-aarch64.pkg.tar.xz	2c6bc504aea296d4f260e783b0586e49bfe4070d431bfa0c4731a4666a97827a	233236	863055	https://mirror.archlinuxarm.org/aarch64/extra/libssh-0.12.1-1-aarch64.pkg.tar.xz	https://archlinuxarm.org/packages/aarch64/libssh	https://archlinuxarm.org/packages/aarch64/libssh/files
live+build	core	libssh2	libssh2	1.11.1-6	aarch64	libssh2-1.11.1-6-aarch64.pkg.tar.xz	290af9beed50049f4405b71154bd917659212a6213373e996b42053168d65066	241872	526906	https://mirror.archlinuxarm.org/aarch64/core/libssh2-1.11.1-6-aarch64.pkg.tar.xz	https://archlinuxarm.org/packages/aarch64/libssh2	https://archlinuxarm.org/packages/aarch64/libssh2/files
live+build	core	libstdc++	gcc	16.1.1+r12+g301eb08fa2c5-1	aarch64	libstdc++-16.1.1+r12+g301eb08fa2c5-1-aarch64.pkg.tar.xz	19832a38b2c4820695d28289f1c4f371955586d39fb893d8cbc0d8dbb09a4383	694148	3021979	https://mirror.archlinuxarm.org/aarch64/core/libstdc++-16.1.1+r12+g301eb08fa2c5-1-aarch64.pkg.tar.xz	https://archlinuxarm.org/packages/aarch64/libstdc++	https://archlinuxarm.org/packages/aarch64/libstdc++/files
live	extra	libstemmer	snowball	3.1.1-1	aarch64	libstemmer-3.1.1-1-aarch64.pkg.tar.xz	c5ab5687f090d94c15b7a4b7288a58e5bf826921ad9cffa8d85bad1ce31284ba	125172	1055729	https://mirror.archlinuxarm.org/aarch64/extra/libstemmer-3.1.1-1-aarch64.pkg.tar.xz	https://archlinuxarm.org/packages/aarch64/libstemmer	https://archlinuxarm.org/packages/aarch64/libstemmer/files
live+build	extra	libsysprof-capture	sysprof	50.0-2.1	aarch64	libsysprof-capture-50.0-2.1-aarch64.pkg.tar.xz	5754fee498acfa1803cf2b77586afff45f0c01f1bdee9ee1dce2d940c443c8d4	47288	295490	https://mirror.archlinuxarm.org/aarch64/extra/libsysprof-capture-50.0-2.1-aarch64.pkg.tar.xz	https://archlinuxarm.org/packages/aarch64/libsysprof-capture	https://archlinuxarm.org/packages/aarch64/libsysprof-capture/files
live+build	core	libtasn1	libtasn1	4.21.0-1	aarch64	libtasn1-4.21.0-1-aarch64.pkg.tar.xz	96ef7088790462586eec0b5ba2aacdcbd1fc71bfd2a6dbe8bd7c20b03ed298a8	132184	476757	https://mirror.archlinuxarm.org/aarch64/core/libtasn1-4.21.0-1-aarch64.pkg.tar.xz	https://archlinuxarm.org/packages/aarch64/libtasn1	https://archlinuxarm.org/packages/aarch64/libtasn1/files
live	extra	libtatsu	libtatsu	1.0.5-1	aarch64	libtatsu-1.0.5-1-aarch64.pkg.tar.xz	48ad83e9ccb9df49d50731342b4823a8ef106a009cb2406ea2f653b231465c26	17988	72833	https://mirror.archlinuxarm.org/aarch64/extra/libtatsu-1.0.5-1-aarch64.pkg.tar.xz	https://archlinuxarm.org/packages/aarch64/libtatsu	https://archlinuxarm.org/packages/aarch64/libtatsu/files
live	extra	libteam	libteam	1.32-3	aarch64	libteam-1.32-3-aarch64.pkg.tar.xz	2facc93c151ae9ac48d614acd38643deca05840d3cd4632a3ed4513f5a108fc8	105456	517773	https://mirror.archlinuxarm.org/aarch64/extra/libteam-1.32-3-aarch64.pkg.tar.xz	https://archlinuxarm.org/packages/aarch64/libteam	https://archlinuxarm.org/packages/aarch64/libteam/files
live	extra	libthai	libthai	0.1.30-1	aarch64	libthai-0.1.30-1-aarch64.pkg.tar.xz	6bef55010b97524e3e2c7de4ec8834df5971eab8fe8ac4c5f2e88e42fad28524	252064	1332948	https://mirror.archlinuxarm.org/aarch64/extra/libthai-0.1.30-1-aarch64.pkg.tar.xz	https://archlinuxarm.org/packages/aarch64/libthai	https://archlinuxarm.org/packages/aarch64/libthai/files
live	extra	libtheora	libtheora	1.2.0-1	aarch64	libtheora-1.2.0-1-aarch64.pkg.tar.xz	cb43eaac20d6e338502147d328843299f37be6a3bb97afab57dc2afdfbdc102f	380664	2491498	https://mirror.archlinuxarm.org/aarch64/extra/libtheora-1.2.0-1-aarch64.pkg.tar.xz	https://archlinuxarm.org/packages/aarch64/libtheora	https://archlinuxarm.org/packages/aarch64/libtheora/files
live	extra	libtiff	libtiff	4.7.2-1	aarch64	libtiff-4.7.2-1-aarch64.pkg.tar.xz	02a5d2d74019b39befd6cf63d9bde95a2d16f91b4d0d56939498375e0e491ffd	354480	2252613	https://mirror.archlinuxarm.org/aarch64/extra/libtiff-4.7.2-1-aarch64.pkg.tar.xz	https://archlinuxarm.org/packages/aarch64/libtiff	https://archlinuxarm.org/packages/aarch64/libtiff/files
live+build	core	libtirpc	libtirpc	1.3.7-1	aarch64	libtirpc-1.3.7-1-aarch64.pkg.tar.xz	35590d4336746cc942a319806fe8993b137b2c3bb497e749fb547b316908a13d	173272	523460	https://mirror.archlinuxarm.org/aarch64/core/libtirpc-1.3.7-1-aarch64.pkg.tar.xz	https://archlinuxarm.org/packages/aarch64/libtirpc	https://archlinuxarm.org/packages/aarch64/libtirpc/files
live	core	libtool	libtool	2.6.0+r23+gb08cb0a0-1	aarch64	libtool-2.6.0+r23+gb08cb0a0-1-aarch64.pkg.tar.xz	064e9d5e1dcd6840943e87964ea233694e9911d281e1747b6c7f885199dcaa86	431772	2472810	https://mirror.archlinuxarm.org/aarch64/core/libtool-2.6.0+r23+gb08cb0a0-1-aarch64.pkg.tar.xz	https://archlinuxarm.org/packages/aarch64/libtool	https://archlinuxarm.org/packages/aarch64/libtool/files
live	core	libtsan	gcc	16.1.1+r12+g301eb08fa2c5-1	aarch64	libtsan-16.1.1+r12+g301eb08fa2c5-1-aarch64.pkg.tar.xz	8ac217aab99e465455309957031c4b058f37560be337a1fe1f2dac3ab9e0218d	380256	1539732	https://mirror.archlinuxarm.org/aarch64/core/libtsan-16.1.1+r12+g301eb08fa2c5-1-aarch64.pkg.tar.xz	https://archlinuxarm.org/packages/aarch64/libtsan	https://archlinuxarm.org/packages/aarch64/libtsan/files
live	core	libubsan	gcc	16.1.1+r12+g301eb08fa2c5-1	aarch64	libubsan-16.1.1+r12+g301eb08fa2c5-1-aarch64.pkg.tar.xz	6b0f5501898077d3f9533edf75aded85072890f85c1713fde79ed99230d8e5bb	176464	540516	https://mirror.archlinuxarm.org/aarch64/core/libubsan-16.1.1+r12+g301eb08fa2c5-1-aarch64.pkg.tar.xz	https://archlinuxarm.org/packages/aarch64/libubsan	https://archlinuxarm.org/packages/aarch64/libubsan/files
live	extra	libunibreak	libunibreak	7.0-1	aarch64	libunibreak-7.0-1-aarch64.pkg.tar.xz	b76b357272df096180a3cb9e22f8586b0575d9d4e52b58459efff8d1a8f8461a	23916	156691	https://mirror.archlinuxarm.org/aarch64/extra/libunibreak-7.0-1-aarch64.pkg.tar.xz	https://archlinuxarm.org/packages/aarch64/libunibreak	https://archlinuxarm.org/packages/aarch64/libunibreak/files
live+build	core	libunistring	libunistring	1.4.2-1	aarch64	libunistring-1.4.2-1-aarch64.pkg.tar.xz	106ac7728ff2cc498ffa49d7623e64cf9002eea15c5026ec54fab8cd6a294134	595644	2907448	https://mirror.archlinuxarm.org/aarch64/core/libunistring-1.4.2-1-aarch64.pkg.tar.xz	https://archlinuxarm.org/packages/aarch64/libunistring	https://archlinuxarm.org/packages/aarch64/libunistring/files
live	extra	libunwind	libunwind	1.8.2-1	aarch64	libunwind-1.8.2-1-aarch64.pkg.tar.xz	2a7997e329d12ad6d9e18229a1e7e0f38710f655b6140443fa5e2283265287fc	133984	575241	https://mirror.archlinuxarm.org/aarch64/extra/libunwind-1.8.2-1-aarch64.pkg.tar.xz	https://archlinuxarm.org/packages/aarch64/libunwind	https://archlinuxarm.org/packages/aarch64/libunwind/files
live	extra	liburing	liburing	2.15-1	aarch64	liburing-2.15-1-aarch64.pkg.tar.xz	efb67ef7eed7b30bebebbe9420fbf67bbfd0676c2b731f30e47e544cdb73feaf	271192	543140	https://mirror.archlinuxarm.org/aarch64/extra/liburing-2.15-1-aarch64.pkg.tar.xz	https://archlinuxarm.org/packages/aarch64/liburing	https://archlinuxarm.org/packages/aarch64/liburing/files
live+build	core	libusb	libusb	1.0.30-1	aarch64	libusb-1.0.30-1-aarch64.pkg.tar.xz	111d33e208469750439bbb7b472554784a39a6ee3948632b719fd715a1c5836d	74064	242752	https://mirror.archlinuxarm.org/aarch64/core/libusb-1.0.30-1-aarch64.pkg.tar.xz	https://archlinuxarm.org/packages/aarch64/libusb	https://archlinuxarm.org/packages/aarch64/libusb/files
live	extra	libusbmuxd	libusbmuxd	2.1.1-2	aarch64	libusbmuxd-2.1.1-2-aarch64.pkg.tar.xz	58573294f2f250cd230f383897a9d41cd6cf3b48fda601f9af14455c4eae6d65	27392	220337	https://mirror.archlinuxarm.org/aarch64/extra/libusbmuxd-2.1.1-2-aarch64.pkg.tar.xz	https://archlinuxarm.org/packages/aarch64/libusbmuxd	https://archlinuxarm.org/packages/aarch64/libusbmuxd/files
live	extra	libva	libva	2.24.1-1	aarch64	libva-2.24.1-1-aarch64.pkg.tar.xz	208f2b00046c22544855390ae9359ac59a13f375ab1d6d1e3f50ee875ae9db61	193448	1252932	https://mirror.archlinuxarm.org/aarch64/extra/libva-2.24.1-1-aarch64.pkg.tar.xz	https://archlinuxarm.org/packages/aarch64/libva	https://archlinuxarm.org/packages/aarch64/libva/files
live	extra	libvdpau	libvdpau	1.5-4	aarch64	libvdpau-1.5-4-aarch64.pkg.tar.xz	661b2f9d9be5306c16368806b2df2044a404a8bbf9c58deeb0ecd88d8b309877	58712	348429	https://mirror.archlinuxarm.org/aarch64/extra/libvdpau-1.5-4-aarch64.pkg.tar.xz	https://archlinuxarm.org/packages/aarch64/libvdpau	https://archlinuxarm.org/packages/aarch64/libvdpau/files
live+build	core	libverto	libverto	0.3.2-6	aarch64	libverto-0.3.2-6-aarch64.pkg.tar.xz	6b39f3feb66c1421dd4cfee2bbb339543db112c624a1eb8990ca9c9b36710dbc	18160	164278	https://mirror.archlinuxarm.org/aarch64/core/libverto-0.3.2-6-aarch64.pkg.tar.xz	https://archlinuxarm.org/packages/aarch64/libverto	https://archlinuxarm.org/packages/aarch64/libverto/files
live	extra	libvorbis	libvorbis	1.3.7-4	aarch64	libvorbis-1.3.7-4-aarch64.pkg.tar.xz	22d10826e1b2b72b1c5f69ba116e4a4840197d3f808c37bfa738f9dd8b493118	168412	1029595	https://mirror.archlinuxarm.org/aarch64/extra/libvorbis-1.3.7-4-aarch64.pkg.tar.xz	https://archlinuxarm.org/packages/aarch64/libvorbis	https://archlinuxarm.org/packages/aarch64/libvorbis/files
live	extra	libvpx	libvpx	1.16.0-3	aarch64	libvpx-1.16.0-3-aarch64.pkg.tar.xz	5679ece185fcb4999c80f44826a35462c0d84c388e906448396804c3102a256f	1393148	4170185	https://mirror.archlinuxarm.org/aarch64/extra/libvpx-1.16.0-3-aarch64.pkg.tar.xz	https://archlinuxarm.org/packages/aarch64/libvpx	https://archlinuxarm.org/packages/aarch64/libvpx/files
live	extra	libwacom	libwacom	2.19.1-1	aarch64	libwacom-2.19.1-1-aarch64.pkg.tar.xz	6ecc05dc6acaf45745f9db3efa0434f9e6b35737a72ae1ce93ecbd50ff4318c8	184652	1841398	https://mirror.archlinuxarm.org/aarch64/extra/libwacom-2.19.1-1-aarch64.pkg.tar.xz	https://archlinuxarm.org/packages/aarch64/libwacom	https://archlinuxarm.org/packages/aarch64/libwacom/files
live	extra	libwbclient	samba	2:4.24.4-1	aarch64	libwbclient-2:4.24.4-1-aarch64.pkg.tar.xz	d06fdb73d52fd48a9a5df6900958f52c9fc59a40b83d48c76670082ae9b85a38	35668	191877	https://mirror.archlinuxarm.org/aarch64/extra/libwbclient-2:4.24.4-1-aarch64.pkg.tar.xz	https://archlinuxarm.org/packages/aarch64/libwbclient	https://archlinuxarm.org/packages/aarch64/libwbclient/files
live	extra	libwebp	libwebp	1.6.0-2	aarch64	libwebp-1.6.0-2-aarch64.pkg.tar.xz	0fb38b71173ed214640ab0b6d5ad22d85f884f4d368ca9fef927b51ee43d0f9e	239984	937501	https://mirror.archlinuxarm.org/aarch64/extra/libwebp-1.6.0-2-aarch64.pkg.tar.xz	https://archlinuxarm.org/packages/aarch64/libwebp	https://archlinuxarm.org/packages/aarch64/libwebp/files
live	extra	libwireplumber	wireplumber	0.5.15-1	aarch64	libwireplumber-0.5.15-1-aarch64.pkg.tar.xz	565380759c80838d695652c09bb0c27e3abc43f350540030f4c98769a4c4deab	271572	1851624	https://mirror.archlinuxarm.org/aarch64/extra/libwireplumber-0.5.15-1-aarch64.pkg.tar.xz	https://archlinuxarm.org/packages/aarch64/libwireplumber	https://archlinuxarm.org/packages/aarch64/libwireplumber/files
live	extra	libwnck3	libwnck3	43.3-1	aarch64	libwnck3-43.3-1-aarch64.pkg.tar.xz	b7e0c0d570ffda81c63faad98346937d336aa7806b0bd6298a0bf6763706dbbc	396744	3427284	https://mirror.archlinuxarm.org/aarch64/extra/libwnck3-43.3-1-aarch64.pkg.tar.xz	https://archlinuxarm.org/packages/aarch64/libwnck3	https://archlinuxarm.org/packages/aarch64/libwnck3/files
live	extra	libx11	libx11	1.8.13-1	aarch64	libx11-1.8.13-1-aarch64.pkg.tar.xz	e68195a71049251a68c5073c2baebc0f2bba41dbdfada5a41dbbd28a37040f3c	2011676	10387032	https://mirror.archlinuxarm.org/aarch64/extra/libx11-1.8.13-1-aarch64.pkg.tar.xz	https://archlinuxarm.org/packages/aarch64/libx11	https://archlinuxarm.org/packages/aarch64/libx11/files
live	extra	libxau	libxau	1.0.12-1	aarch64	libxau-1.0.12-1-aarch64.pkg.tar.xz	f9abaead8ca4f0d4f9a6e181c3fcad8f96ddb9cf1d75d1d82a81c0ca8ad08a50	11664	76296	https://mirror.archlinuxarm.org/aarch64/extra/libxau-1.0.12-1-aarch64.pkg.tar.xz	https://archlinuxarm.org/packages/aarch64/libxau	https://archlinuxarm.org/packages/aarch64/libxau/files
live	extra	libxaw	libxaw	1.0.16-2	aarch64	libxaw-1.0.16-2-aarch64.pkg.tar.xz	b2bc4276fbf0b83bbb277c276128eebe331ad84849ea64eb2b8a6dab26898fba	329172	1805500	https://mirror.archlinuxarm.org/aarch64/extra/libxaw-1.0.16-2-aarch64.pkg.tar.xz	https://archlinuxarm.org/packages/aarch64/libxaw	https://archlinuxarm.org/packages/aarch64/libxaw/files
live	extra	libxcb	libxcb	1.17.0-1	aarch64	libxcb-1.17.0-1-aarch64.pkg.tar.xz	329a41249a09b4bb7f9b5f9694c1848c971188243cc1c0a479df4227800214c0	996228	3974793	https://mirror.archlinuxarm.org/aarch64/extra/libxcb-1.17.0-1-aarch64.pkg.tar.xz	https://archlinuxarm.org/packages/aarch64/libxcb	https://archlinuxarm.org/packages/aarch64/libxcb/files
live	extra	libxcomposite	libxcomposite	0.4.7-1	aarch64	libxcomposite-0.4.7-1-aarch64.pkg.tar.xz	37f2d1eb8e2eeef41c0b6cc290aba66ed1783ada5657801929d5390893383978	11676	77821	https://mirror.archlinuxarm.org/aarch64/extra/libxcomposite-0.4.7-1-aarch64.pkg.tar.xz	https://archlinuxarm.org/packages/aarch64/libxcomposite	https://archlinuxarm.org/packages/aarch64/libxcomposite/files
live+build	core	libxcrypt	libxcrypt	4.5.2-1	aarch64	libxcrypt-4.5.2-1-aarch64.pkg.tar.xz	e699156589561ac0c6bfc7da42891e3945647ecdd178b907f7742696fb01a0c5	89676	224297	https://mirror.archlinuxarm.org/aarch64/core/libxcrypt-4.5.2-1-aarch64.pkg.tar.xz	https://archlinuxarm.org/packages/aarch64/libxcrypt	https://archlinuxarm.org/packages/aarch64/libxcrypt/files
live	extra	libxcursor	libxcursor	1.2.3-1	aarch64	libxcursor-1.2.3-1-aarch64.pkg.tar.xz	9102597b8989250aa23379202a95ae15e2c7816e573d9bc81bc1bf4bc77b646f	32412	91750	https://mirror.archlinuxarm.org/aarch64/extra/libxcursor-1.2.3-1-aarch64.pkg.tar.xz	https://archlinuxarm.org/packages/aarch64/libxcursor	https://archlinuxarm.org/packages/aarch64/libxcursor/files
live	extra	libxcvt	libxcvt	0.1.3-1	aarch64	libxcvt-0.1.3-1-aarch64.pkg.tar.xz	4eadab34ee20d01d83f4b46dc040ec0de0e468b754be0c184d55d8fddd966d8a	10556	143021	https://mirror.archlinuxarm.org/aarch64/extra/libxcvt-0.1.3-1-aarch64.pkg.tar.xz	https://archlinuxarm.org/packages/aarch64/libxcvt	https://archlinuxarm.org/packages/aarch64/libxcvt/files
live	extra	libxdamage	libxdamage	1.1.7-1	aarch64	libxdamage-1.1.7-1-aarch64.pkg.tar.xz	c10d529d8e1eb9e518eea2249d4250ea8f7a711f9ec15a644164b94a6b554955	7376	71141	https://mirror.archlinuxarm.org/aarch64/extra/libxdamage-1.1.7-1-aarch64.pkg.tar.xz	https://archlinuxarm.org/packages/aarch64/libxdamage	https://archlinuxarm.org/packages/aarch64/libxdamage/files
live	extra	libxdmcp	libxdmcp	1.1.5-2	aarch64	libxdmcp-1.1.5-2-aarch64.pkg.tar.xz	aaf3575b4139a0ee675cbc15c03324d09892ded2188ac7cc326a8b36ef308496	26648	176588	https://mirror.archlinuxarm.org/aarch64/extra/libxdmcp-1.1.5-2-aarch64.pkg.tar.xz	https://archlinuxarm.org/packages/aarch64/libxdmcp	https://archlinuxarm.org/packages/aarch64/libxdmcp/files
live	extra	libxext	libxext	1.3.7-1	aarch64	libxext-1.3.7-1-aarch64.pkg.tar.xz	bff987768ac6bb9ed809d49f3c171c93ccf0c7264c59ec7b0940e844ba4e53ac	103732	372361	https://mirror.archlinuxarm.org/aarch64/extra/libxext-1.3.7-1-aarch64.pkg.tar.xz	https://archlinuxarm.org/packages/aarch64/libxext	https://archlinuxarm.org/packages/aarch64/libxext/files
live	extra	libxfixes	libxfixes	6.0.2-1	aarch64	libxfixes-6.0.2-1-aarch64.pkg.tar.xz	be025023ed05babf0372515e8346128f5dd7eccd82fd51be6c3c88eb8881d7a2	13844	79091	https://mirror.archlinuxarm.org/aarch64/extra/libxfixes-6.0.2-1-aarch64.pkg.tar.xz	https://archlinuxarm.org/packages/aarch64/libxfixes	https://archlinuxarm.org/packages/aarch64/libxfixes/files
live	extra	libxfont2	libxfont2	2.0.8-1	aarch64	libxfont2-2.0.8-1-aarch64.pkg.tar.xz	9fd9a0e96fbb5ba3f899c28e3931db463dc1b1b2f20dc0d305f97165f5173f98	108120	286495	https://mirror.archlinuxarm.org/aarch64/extra/libxfont2-2.0.8-1-aarch64.pkg.tar.xz	https://archlinuxarm.org/packages/aarch64/libxfont2	https://archlinuxarm.org/packages/aarch64/libxfont2/files
live	extra	libxft	libxft	2.3.9-1	aarch64	libxft-2.3.9-1-aarch64.pkg.tar.xz	30a770b25a75ff27cc96bf7b2c7fa8c022a6784786c1614a5a4564c86d1196af	58276	166674	https://mirror.archlinuxarm.org/aarch64/extra/libxft-2.3.9-1-aarch64.pkg.tar.xz	https://archlinuxarm.org/packages/aarch64/libxft	https://archlinuxarm.org/packages/aarch64/libxft/files
live	extra	libxi	libxi	1.8.3-1	aarch64	libxi-1.8.3-1-aarch64.pkg.tar.xz	379cea947498145d31decca7a1beacec268cb24fb622a59f6dc49c23be793a22	151764	563828	https://mirror.archlinuxarm.org/aarch64/extra/libxi-1.8.3-1-aarch64.pkg.tar.xz	https://archlinuxarm.org/packages/aarch64/libxi	https://archlinuxarm.org/packages/aarch64/libxi/files
live	extra	libxinerama	libxinerama	1.1.6-1	aarch64	libxinerama-1.1.6-1-aarch64.pkg.tar.xz	3a44bdcbc01e68437ea76c8746051586bfda37a36f2c0c5613844eebf9eafdad	9972	78340	https://mirror.archlinuxarm.org/aarch64/extra/libxinerama-1.1.6-1-aarch64.pkg.tar.xz	https://archlinuxarm.org/packages/aarch64/libxinerama	https://archlinuxarm.org/packages/aarch64/libxinerama/files
live	extra	libxkbcommon	libxkbcommon	1.13.2-1	aarch64	libxkbcommon-1.13.2-1-aarch64.pkg.tar.xz	76b922d87d0af0011072b156464041ec5674f24ff1c78b7e85132fda72c9a7e7	263628	1640479	https://mirror.archlinuxarm.org/aarch64/extra/libxkbcommon-1.13.2-1-aarch64.pkg.tar.xz	https://archlinuxarm.org/packages/aarch64/libxkbcommon	https://archlinuxarm.org/packages/aarch64/libxkbcommon/files
live	extra	libxkbcommon-x11	libxkbcommon	1.13.2-1	aarch64	libxkbcommon-x11-1.13.2-1-aarch64.pkg.tar.xz	6f456540140a0abea3ac01502a6bb0419af81851d08d159879091a05962004fd	38984	226334	https://mirror.archlinuxarm.org/aarch64/extra/libxkbcommon-x11-1.13.2-1-aarch64.pkg.tar.xz	https://archlinuxarm.org/packages/aarch64/libxkbcommon-x11	https://archlinuxarm.org/packages/aarch64/libxkbcommon-x11/files
live	extra	libxkbfile	libxkbfile	1.2.0-1	aarch64	libxkbfile-1.2.0-1-aarch64.pkg.tar.xz	cb98c65dd555dc3bd7dfbeb2745966da3631be2ac218bcf234f73bdf6ea33deb	69720	243465	https://mirror.archlinuxarm.org/aarch64/extra/libxkbfile-1.2.0-1-aarch64.pkg.tar.xz	https://archlinuxarm.org/packages/aarch64/libxkbfile	https://archlinuxarm.org/packages/aarch64/libxkbfile/files
live+build	core	libxml2	libxml2	2.15.3-1	aarch64	libxml2-2.15.3-1-aarch64.pkg.tar.xz	e687984bf6f9dafd6293ac13e5bad9ecc8efae815363423693a3ce642d350edf	691808	3485939	https://mirror.archlinuxarm.org/aarch64/core/libxml2-2.15.3-1-aarch64.pkg.tar.xz	https://archlinuxarm.org/packages/aarch64/libxml2	https://archlinuxarm.org/packages/aarch64/libxml2/files
live	extra	libxmlb	libxmlb	0.3.28-1	aarch64	libxmlb-0.3.28-1-aarch64.pkg.tar.xz	8b678942b97e1763637bce974e4c0266306486a118e3f6d6cd61d382e7d2415f	143960	1372697	https://mirror.archlinuxarm.org/aarch64/extra/libxmlb-0.3.28-1-aarch64.pkg.tar.xz	https://archlinuxarm.org/packages/aarch64/libxmlb	https://archlinuxarm.org/packages/aarch64/libxmlb/files
live	extra	libxmu	libxmu	1.3.1-1	aarch64	libxmu-1.3.1-1-aarch64.pkg.tar.xz	598e2e2422a1136171264744c54dd0d1e884a2c6c86d6850611c2128dc976362	72980	429509	https://mirror.archlinuxarm.org/aarch64/extra/libxmu-1.3.1-1-aarch64.pkg.tar.xz	https://archlinuxarm.org/packages/aarch64/libxmu	https://archlinuxarm.org/packages/aarch64/libxmu/files
live	extra	libxpm	libxpm	3.5.19-1	aarch64	libxpm-3.5.19-1-aarch64.pkg.tar.xz	26d89215558aea4139b379b86f0e8b4fadf8a2031d3d92c3ab5f17c7e2a94162	68800	311049	https://mirror.archlinuxarm.org/aarch64/extra/libxpm-3.5.19-1-aarch64.pkg.tar.xz	https://archlinuxarm.org/packages/aarch64/libxpm	https://archlinuxarm.org/packages/aarch64/libxpm/files
live	extra	libxrandr	libxrandr	1.5.5-1	aarch64	libxrandr-1.5.5-1-aarch64.pkg.tar.xz	50ced1a5945e325ef28fd4a5f9ee3e45e49f538841271f49326916576213a5f3	25596	93471	https://mirror.archlinuxarm.org/aarch64/extra/libxrandr-1.5.5-1-aarch64.pkg.tar.xz	https://archlinuxarm.org/packages/aarch64/libxrandr	https://archlinuxarm.org/packages/aarch64/libxrandr/files
live	extra	libxrender	libxrender	0.9.12-1	aarch64	libxrender-0.9.12-1-aarch64.pkg.tar.xz	f5f344d116ff42b379c50ef595e7e9a3a6f7ed09357f8cd3acab90a3d11c9960	27784	121095	https://mirror.archlinuxarm.org/aarch64/extra/libxrender-0.9.12-1-aarch64.pkg.tar.xz	https://archlinuxarm.org/packages/aarch64/libxrender	https://archlinuxarm.org/packages/aarch64/libxrender/files
live	extra	libxres	libxres	1.2.3-1	aarch64	libxres-1.2.3-1-aarch64.pkg.tar.xz	82f5072392e9a8813c565d129e9c52bbf30abd654a859e13859ec4553b0a9fb8	10404	73863	https://mirror.archlinuxarm.org/aarch64/extra/libxres-1.2.3-1-aarch64.pkg.tar.xz	https://archlinuxarm.org/packages/aarch64/libxres	https://archlinuxarm.org/packages/aarch64/libxres/files
live	extra	libxshmfence	libxshmfence	1.3.3-1	aarch64	libxshmfence-1.3.3-1-aarch64.pkg.tar.xz	d137d6cc13a75284267cd56beabfde6094fb1a4f8fb373af555c2e47c0e6b636	6188	70469	https://mirror.archlinuxarm.org/aarch64/extra/libxshmfence-1.3.3-1-aarch64.pkg.tar.xz	https://archlinuxarm.org/packages/aarch64/libxshmfence	https://archlinuxarm.org/packages/aarch64/libxshmfence/files
live	extra	libxslt	libxslt	1.1.45-2	aarch64	libxslt-1.1.45-2-aarch64.pkg.tar.xz	dd508d0060063ed5d833001a125d6b427c8a623d669758c44ac10cc84a92392f	189964	972877	https://mirror.archlinuxarm.org/aarch64/extra/libxslt-1.1.45-2-aarch64.pkg.tar.xz	https://archlinuxarm.org/packages/aarch64/libxslt	https://archlinuxarm.org/packages/aarch64/libxslt/files
live	extra	libxss	libxss	1.2.5-1	aarch64	libxss-1.2.5-1-aarch64.pkg.tar.xz	1ebc34a29420166cb25040bfbff5d6ff732eff92de9cf07fcd92835e7d68bb9c	14148	80270	https://mirror.archlinuxarm.org/aarch64/extra/libxss-1.2.5-1-aarch64.pkg.tar.xz	https://archlinuxarm.org/packages/aarch64/libxss	https://archlinuxarm.org/packages/aarch64/libxss/files
live	extra	libxt	libxt	1.3.1-1	aarch64	libxt-1.3.1-1-aarch64.pkg.tar.xz	5361b689b6db0dffa3bc7131d45e29e3e291e7da93b00f3b2fe3ec688d84ff38	519872	2175814	https://mirror.archlinuxarm.org/aarch64/extra/libxt-1.3.1-1-aarch64.pkg.tar.xz	https://archlinuxarm.org/packages/aarch64/libxt	https://archlinuxarm.org/packages/aarch64/libxt/files
live	extra	libxtst	libxtst	1.2.5-1	aarch64	libxtst-1.2.5-1-aarch64.pkg.tar.xz	3ca6270ff04330650205339e2726c23616b31468a493642ba3df74af050ae888	28736	155936	https://mirror.archlinuxarm.org/aarch64/extra/libxtst-1.2.5-1-aarch64.pkg.tar.xz	https://archlinuxarm.org/packages/aarch64/libxtst	https://archlinuxarm.org/packages/aarch64/libxtst/files
live	extra	libxv	libxv	1.0.13-1	aarch64	libxv-1.0.13-1-aarch64.pkg.tar.xz	03abeee4ba4b04cd0f6457ea60005e84701fd929bdd57d1a1be9034101c15243	35444	102523	https://mirror.archlinuxarm.org/aarch64/extra/libxv-1.0.13-1-aarch64.pkg.tar.xz	https://archlinuxarm.org/packages/aarch64/libxv	https://archlinuxarm.org/packages/aarch64/libxv/files
live	extra	libxxf86vm	libxxf86vm	1.1.7-1	aarch64	libxxf86vm-1.1.7-1-aarch64.pkg.tar.xz	9c07efd6fe6040a7e2d19af307c74d5f2235b6313e74710a29ecedb56f9a6ded	15016	81218	https://mirror.archlinuxarm.org/aarch64/extra/libxxf86vm-1.1.7-1-aarch64.pkg.tar.xz	https://archlinuxarm.org/packages/aarch64/libxxf86vm	https://archlinuxarm.org/packages/aarch64/libxxf86vm/files
live+build	extra	libyaml	libyaml	0.2.5-3	aarch64	libyaml-0.2.5-3-aarch64.pkg.tar.xz	f96d25c8898b27d3364034336630363bcf48eb968c90d5d5c240e4b237ae153b	53220	188760	https://mirror.archlinuxarm.org/aarch64/extra/libyaml-0.2.5-3-aarch64.pkg.tar.xz	https://archlinuxarm.org/packages/aarch64/libyaml	https://archlinuxarm.org/packages/aarch64/libyaml/files
live	extra	libyuv	libyuv	r2426+464c51a03-1	aarch64	libyuv-r2426+464c51a03-1-aarch64.pkg.tar.xz	c417dd1d1bf1f971559181aa78213856b210420e5aed09c9bb15032cc5d466a6	169960	1402713	https://mirror.archlinuxarm.org/aarch64/extra/libyuv-r2426+464c51a03-1-aarch64.pkg.tar.xz	https://archlinuxarm.org/packages/aarch64/libyuv	https://archlinuxarm.org/packages/aarch64/libyuv/files
live	extra	libzip	libzip	1.11.4-1	aarch64	libzip-1.11.4-1-aarch64.pkg.tar.xz	6f108f41399e25a1c20c4deb0b4c89d41d568f810c78104d20628fb7eb241f83	258420	685497	https://mirror.archlinuxarm.org/aarch64/extra/libzip-1.11.4-1-aarch64.pkg.tar.xz	https://archlinuxarm.org/packages/aarch64/libzip	https://archlinuxarm.org/packages/aarch64/libzip/files
live	core	licenses	licenses	20240728-1	any	licenses-20240728-1-any.pkg.tar.xz	a5c4e6248f2b733a5def2ea84c885a8a6a538406bacd1ebd0fd241e37cf0b56b	104732	1617309	https://mirror.archlinuxarm.org/aarch64/core/licenses-20240728-1-any.pkg.tar.xz	https://archlinuxarm.org/packages/aarch64/licenses	https://archlinuxarm.org/packages/aarch64/licenses/files
live	extra	lilv	lilv	0.28.0-1	aarch64	lilv-0.28.0-1-aarch64.pkg.tar.xz	9e83a52165a501988ce86ce6dbe0dffde94a1b3607b5669a0a83a3d8a9207c68	62260	235069	https://mirror.archlinuxarm.org/aarch64/extra/lilv-0.28.0-1-aarch64.pkg.tar.xz	https://archlinuxarm.org/packages/aarch64/lilv	https://archlinuxarm.org/packages/aarch64/lilv/files
live+build	core	linux-api-headers	linux-api-headers	7.1-1	aarch64	linux-api-headers-7.1-1-aarch64.pkg.tar.xz	766faf9ddb66a48814cf336dcc8a5aa08eb2211a08d67ec0d2c234a51d8ab820	1500108	7164298	https://mirror.archlinuxarm.org/aarch64/core/linux-api-headers-7.1-1-aarch64.pkg.tar.xz	https://archlinuxarm.org/packages/aarch64/linux-api-headers	https://archlinuxarm.org/packages/aarch64/linux-api-headers/files
live	extra	llvm-libs	llvm	22.1.8-2	aarch64	llvm-libs-22.1.8-2-aarch64.pkg.tar.xz	f3119b25813452a1cddd84ea985d7d76d9da41201b39e82f15cf23c2d3ed348e	36838688	169053261	https://mirror.archlinuxarm.org/aarch64/extra/llvm-libs-22.1.8-2-aarch64.pkg.tar.xz	https://archlinuxarm.org/packages/aarch64/llvm-libs	https://archlinuxarm.org/packages/aarch64/llvm-libs/files
live	extra	lm_sensors	lm_sensors	1:3.6.2-1	aarch64	lm_sensors-1:3.6.2-1-aarch64.pkg.tar.xz	dc855daccb5fe4a7f89702db47bd3c53b3047dee8de92df2de975fe130985eb5	125904	536100	https://mirror.archlinuxarm.org/aarch64/extra/lm_sensors-1:3.6.2-1-aarch64.pkg.tar.xz	https://archlinuxarm.org/packages/aarch64/lm_sensors	https://archlinuxarm.org/packages/aarch64/lm_sensors/files
live+build	extra	lmdb	lmdb	0.9.35-1	aarch64	lmdb-0.9.35-1-aarch64.pkg.tar.xz	6aff3bd58fbb98dbca71a83554be4b47d39ff01b3dbe4f724ba140416aa8486e	86632	747057	https://mirror.archlinuxarm.org/aarch64/extra/lmdb-0.9.35-1-aarch64.pkg.tar.xz	https://archlinuxarm.org/packages/aarch64/lmdb	https://archlinuxarm.org/packages/aarch64/lmdb/files
live	extra	localsearch	localsearch	3.11.1-1	aarch64	localsearch-3.11.1-1-aarch64.pkg.tar.xz	3cf0c7acb12441669ca00971c876087377cc7dadb58d513666c76abe32703605	596064	4599324	https://mirror.archlinuxarm.org/aarch64/extra/localsearch-3.11.1-1-aarch64.pkg.tar.xz	https://archlinuxarm.org/packages/aarch64/localsearch	https://archlinuxarm.org/packages/aarch64/localsearch/files
live	extra	loupe	loupe	50.0-1	aarch64	loupe-50.0-1-aarch64.pkg.tar.xz	57c3038e92a6a24adddf16ef112e08b034fff5f10b2ea5ac20b2f4dcabc9d0b5	1885572	7223497	https://mirror.archlinuxarm.org/aarch64/extra/loupe-50.0-1-aarch64.pkg.tar.xz	https://archlinuxarm.org/packages/aarch64/loupe	https://archlinuxarm.org/packages/aarch64/loupe/files
live	extra	lua	lua	5.5.0-2	aarch64	lua-5.5.0-2-aarch64.pkg.tar.xz	5849f84279579ed2c22ceaaca6e4ccc2fe95bcd726eda9f5d842ca3a3ff09cd9	308044	1752543	https://mirror.archlinuxarm.org/aarch64/extra/lua-5.5.0-2-aarch64.pkg.tar.xz	https://archlinuxarm.org/packages/aarch64/lua	https://archlinuxarm.org/packages/aarch64/lua/files
live	extra	lua54	lua54	5.4.8-6	aarch64	lua54-5.4.8-6-aarch64.pkg.tar.xz	02067d2d461dc347fbad2174a8be9fa7bc7866ae304d536f7f0d9a39a0dbb3ec	296964	1738298	https://mirror.archlinuxarm.org/aarch64/extra/lua54-5.4.8-6-aarch64.pkg.tar.xz	https://archlinuxarm.org/packages/aarch64/lua54	https://archlinuxarm.org/packages/aarch64/lua54/files
live	extra	lv2	lv2	1.18.10-2	aarch64	lv2-1.18.10-2-aarch64.pkg.tar.xz	dc13974193c255df9aabf9a02837d664be6da1f394308c685773f1abeb42435c	152852	1025520	https://mirror.archlinuxarm.org/aarch64/extra/lv2-1.18.10-2-aarch64.pkg.tar.xz	https://archlinuxarm.org/packages/aarch64/lv2	https://archlinuxarm.org/packages/aarch64/lv2/files
live	core	lvm2	lvm2	2.03.41-1	aarch64	lvm2-2.03.41-1-aarch64.pkg.tar.xz	cf8266e84307675eef47c91ec6296a020974e743d51122c81b753de7b771e9fe	1364268	6052981	https://mirror.archlinuxarm.org/aarch64/core/lvm2-2.03.41-1-aarch64.pkg.tar.xz	https://archlinuxarm.org/packages/aarch64/lvm2	https://archlinuxarm.org/packages/aarch64/lvm2/files
live+build	core	lz4	lz4	1:1.10.0-2	aarch64	lz4-1:1.10.0-2-aarch64.pkg.tar.xz	2734da8aa931852a6d82f5a90edbc5fd4e21cdbefc8752ab49db4228959d45d0	128668	571428	https://mirror.archlinuxarm.org/aarch64/core/lz4-1:1.10.0-2-aarch64.pkg.tar.xz	https://archlinuxarm.org/packages/aarch64/lz4	https://archlinuxarm.org/packages/aarch64/lz4/files
live+build	core	lzo	lzo	2.10-5	aarch64	lzo-2.10-5-aarch64.pkg.tar.xz	7831512f18a7764b64f04c2c3483405c7576aefaf543b3fcfd462721afcf3c7d	78388	383573	https://mirror.archlinuxarm.org/aarch64/core/lzo-2.10-5-aarch64.pkg.tar.xz	https://archlinuxarm.org/packages/aarch64/lzo	https://archlinuxarm.org/packages/aarch64/lzo/files
live	extra	mailcap	mailcap	2.1.54-2	any	mailcap-2.1.54-2-any.pkg.tar.xz	f2b2039268288cca75c7abcb10c8364cd78a33321cdb5934eb41bd11fb1b977c	29128	118599	https://mirror.archlinuxarm.org/aarch64/extra/mailcap-2.1.54-2-any.pkg.tar.xz	https://archlinuxarm.org/packages/aarch64/mailcap	https://archlinuxarm.org/packages/aarch64/mailcap/files
live	core	man-db	man-db	2.13.1-2	aarch64	man-db-2.13.1-2-aarch64.pkg.tar.xz	67515751f848717e1f6d3470f57ad2ea6900ee07618fd2726b6fcaa695687e80	1155920	3064379	https://mirror.archlinuxarm.org/aarch64/core/man-db-2.13.1-2-aarch64.pkg.tar.xz	https://archlinuxarm.org/packages/aarch64/man-db	https://archlinuxarm.org/packages/aarch64/man-db/files
live	core	man-pages	man-pages	6.18-1	any	man-pages-6.18-1-any.pkg.tar.xz	0a9acb6ec7aebc927badfe05e69d1b39a70ee23e138799aaf60a8216b6c4700e	5953356	5912564	https://mirror.archlinuxarm.org/aarch64/core/man-pages-6.18-1-any.pkg.tar.xz	https://archlinuxarm.org/packages/aarch64/man-pages	https://archlinuxarm.org/packages/aarch64/man-pages/files
live	extra	md4c	md4c	0.5.3-1	aarch64	md4c-0.5.3-1-aarch64.pkg.tar.xz	628672e501a7187658bbedd9d2c7185a39a59477221bbdaf15254ddb25cee787	75540	360272	https://mirror.archlinuxarm.org/aarch64/extra/md4c-0.5.3-1-aarch64.pkg.tar.xz	https://archlinuxarm.org/packages/aarch64/md4c	https://archlinuxarm.org/packages/aarch64/md4c/files
live	core	mdadm	mdadm	4.6-2	aarch64	mdadm-4.6-2-aarch64.pkg.tar.xz	a165c0279e845c03b7b20fcf67d88050d770c2ab15754b0a48728f3631f7f43e	382972	1393842	https://mirror.archlinuxarm.org/aarch64/core/mdadm-4.6-2-aarch64.pkg.tar.xz	https://archlinuxarm.org/packages/aarch64/mdadm	https://archlinuxarm.org/packages/aarch64/mdadm/files
live	extra	mesa	mesa	1:26.1.5-1	aarch64	mesa-1:26.1.5-1-aarch64.pkg.tar.xz	fd93b5468be903ef2308d8b2cb2fba3cab70fe8d44411e4a6cab8c95f531f47e	12421552	65233373	https://mirror.archlinuxarm.org/aarch64/extra/mesa-1:26.1.5-1-aarch64.pkg.tar.xz	https://archlinuxarm.org/packages/aarch64/mesa	https://archlinuxarm.org/packages/aarch64/mesa/files
live+build	core	mkinitcpio	mkinitcpio	41-4	any	mkinitcpio-41-4-any.pkg.tar.xz	8578ba9fce0df5e383c94485e41a542944f3c42b4a787abe8d41d8a0974785e7	68916	220081	https://mirror.archlinuxarm.org/aarch64/core/mkinitcpio-41-4-any.pkg.tar.xz	https://archlinuxarm.org/packages/aarch64/mkinitcpio	https://archlinuxarm.org/packages/aarch64/mkinitcpio/files
live+build	core	mkinitcpio-busybox	mkinitcpio-busybox	1.36.1-1	aarch64	mkinitcpio-busybox-1.36.1-1-aarch64.pkg.tar.xz	04c5c1713d2eea3fc42049a669ca1edf37ef711495e58d189b25536bb5181d63	255352	573672	https://mirror.archlinuxarm.org/aarch64/core/mkinitcpio-busybox-1.36.1-1-aarch64.pkg.tar.xz	https://archlinuxarm.org/packages/aarch64/mkinitcpio-busybox	https://archlinuxarm.org/packages/aarch64/mkinitcpio-busybox/files
live	extra	mobile-broadband-provider-info	mobile-broadband-provider-info	20251101-1	any	mobile-broadband-provider-info-20251101-1-any.pkg.tar.xz	17b38aaeed03afe9c47f0bf7a9ae92787de939ae645950f48dabace4a25fa358	62188	521558	https://mirror.archlinuxarm.org/aarch64/extra/mobile-broadband-provider-info-20251101-1-any.pkg.tar.xz	https://archlinuxarm.org/packages/aarch64/mobile-broadband-provider-info	https://archlinuxarm.org/packages/aarch64/mobile-broadband-provider-info/files
live	core	mpdecimal	mpdecimal	4.0.1-3	aarch64	mpdecimal-4.0.1-3-aarch64.pkg.tar.xz	388611eba7f9b0dddcc03adb4f28bcb8fd2c42fbd8c930ca6b9b0f9e4ece0f1e	93808	363519	https://mirror.archlinuxarm.org/aarch64/core/mpdecimal-4.0.1-3-aarch64.pkg.tar.xz	https://archlinuxarm.org/packages/aarch64/mpdecimal	https://archlinuxarm.org/packages/aarch64/mpdecimal/files
live+build	core	mpfr	mpfr	4.2.2-1	aarch64	mpfr-4.2.2-1-aarch64.pkg.tar.xz	6ae04b170fe6aed89519f0b2cba2f60a34e8a8ea74963e8f3619b12ddefc5117	392596	1043056	https://mirror.archlinuxarm.org/aarch64/core/mpfr-4.2.2-1-aarch64.pkg.tar.xz	https://archlinuxarm.org/packages/aarch64/mpfr	https://archlinuxarm.org/packages/aarch64/mpfr/files
live	extra	mpg123	mpg123	1.33.5-1	aarch64	mpg123-1.33.5-1-aarch64.pkg.tar.xz	b2fd036185bd74e9eab4772584f36cf77c9c4da6fe66398fe3dfceaaacc7eef1	426548	1764307	https://mirror.archlinuxarm.org/aarch64/extra/mpg123-1.33.5-1-aarch64.pkg.tar.xz	https://archlinuxarm.org/packages/aarch64/mpg123	https://archlinuxarm.org/packages/aarch64/mpg123/files
live	extra	mtdev	mtdev	1.1.7-1	aarch64	mtdev-1.1.7-1-aarch64.pkg.tar.xz	c6629223522c2e0f239fae28319c2519d4e584ea9dd4a0bd05ac3e830d445808	16448	150873	https://mirror.archlinuxarm.org/aarch64/extra/mtdev-1.1.7-1-aarch64.pkg.tar.xz	https://archlinuxarm.org/packages/aarch64/mtdev	https://archlinuxarm.org/packages/aarch64/mtdev/files
build	extra	mtools	mtools	1:4.0.49-1	aarch64	mtools-1:4.0.49-1-aarch64.pkg.tar.xz	27b3fec3314df29d943d80f97e060d852dd60ba840f8188f25c5993e85c34f3b	214220	618988	https://mirror.archlinuxarm.org/aarch64/extra/mtools-1:4.0.49-1-aarch64.pkg.tar.xz	https://archlinuxarm.org/packages/aarch64/mtools	https://archlinuxarm.org/packages/aarch64/mtools/files
live	extra	mutter	mutter	50.3-1	aarch64	mutter-50.3-1-aarch64.pkg.tar.xz	58da0b8ce977a7237c0a5772fa4533bbfbc1142250d2f1ccf7253aaa4090fcdf	2638084	16636475	https://mirror.archlinuxarm.org/aarch64/extra/mutter-50.3-1-aarch64.pkg.tar.xz	https://archlinuxarm.org/packages/aarch64/mutter	https://archlinuxarm.org/packages/aarch64/mutter/files
live	core	nano	nano	9.1-1	aarch64	nano-9.1-1-aarch64.pkg.tar.xz	96bfca355759185720ffbbd4943a75609a997b84e5b4c10a3f434682fd2ff905	618348	3012643	https://mirror.archlinuxarm.org/aarch64/core/nano-9.1-1-aarch64.pkg.tar.xz	https://archlinuxarm.org/packages/aarch64/nano	https://archlinuxarm.org/packages/aarch64/nano/files
live	extra	nautilus	nautilus	50.2.2-1	aarch64	nautilus-50.2.2-1-aarch64.pkg.tar.xz	022e6b0de53711e732d0b75a0d22d80e6e9008824abcdcf707aef8a5147d23c0	2261324	14787258	https://mirror.archlinuxarm.org/aarch64/extra/nautilus-50.2.2-1-aarch64.pkg.tar.xz	https://archlinuxarm.org/packages/aarch64/nautilus	https://archlinuxarm.org/packages/aarch64/nautilus/files
live+build	core	ncurses	ncurses	6.6-2	aarch64	ncurses-6.6-2-aarch64.pkg.tar.xz	e7b4f3c2190e3ebb559d288b05aba70094efae63738343521a5669e64ab4bfa6	1423256	6495475	https://mirror.archlinuxarm.org/aarch64/core/ncurses-6.6-2-aarch64.pkg.tar.xz	https://archlinuxarm.org/packages/aarch64/ncurses	https://archlinuxarm.org/packages/aarch64/ncurses/files
live+build	core	nettle	nettle	4.0-1	aarch64	nettle-4.0-1-aarch64.pkg.tar.xz	0912dee3f6f20361e607e7101f39345af7ca9fe7bc51a4ba34620468f8949300	450528	1398466	https://mirror.archlinuxarm.org/aarch64/core/nettle-4.0-1-aarch64.pkg.tar.xz	https://archlinuxarm.org/packages/aarch64/nettle	https://archlinuxarm.org/packages/aarch64/nettle/files
live	extra	networkmanager	networkmanager	1.58.0-1	aarch64	networkmanager-1.58.0-1-aarch64.pkg.tar.xz	81de8de8b0f5b38369d2369f41413fbb8f4a0f925ce1a325136103dbffe8365c	3631600	20897583	https://mirror.archlinuxarm.org/aarch64/extra/networkmanager-1.58.0-1-aarch64.pkg.tar.xz	https://archlinuxarm.org/packages/aarch64/networkmanager	https://archlinuxarm.org/packages/aarch64/networkmanager/files
live	extra	nftables	nftables	1:1.1.6-3	aarch64	nftables-1:1.1.6-3-aarch64.pkg.tar.xz	2b1d074bcd026338a190f4f0ca9915dc8921be048df6f87bd2bfb1aa85676b83	391412	1374531	https://mirror.archlinuxarm.org/aarch64/extra/nftables-1:1.1.6-3-aarch64.pkg.tar.xz	https://archlinuxarm.org/packages/aarch64/nftables	https://archlinuxarm.org/packages/aarch64/nftables/files
live	extra	nlohmann-json	nlohmann-json	3.12.0-2	any	nlohmann-json-3.12.0-2-any.pkg.tar.xz	14da56c5d1cd5d738d4b55ef8150b82a80c8305d33caa09703f8c485dc8fbf25	148444	1073678	https://mirror.archlinuxarm.org/aarch64/extra/nlohmann-json-3.12.0-2-any.pkg.tar.xz	https://archlinuxarm.org/packages/aarch64/nlohmann-json	https://archlinuxarm.org/packages/aarch64/nlohmann-json/files
live	extra	noto-fonts	noto-fonts	1:2026.07.01-1	any	noto-fonts-1:2026.07.01-1-any.pkg.tar.xz	13e9831cf6adccf6084552248faac50d83b3e16de2c569ff3bb0a503e8bc8228	27299348	111995861	https://mirror.archlinuxarm.org/aarch64/extra/noto-fonts-1:2026.07.01-1-any.pkg.tar.xz	https://archlinuxarm.org/packages/aarch64/noto-fonts	https://archlinuxarm.org/packages/aarch64/noto-fonts/files
live	extra	noto-fonts-emoji	noto-fonts-emoji	1:2.051-1	any	noto-fonts-emoji-1:2.051-1-any.pkg.tar.xz	082ff807f21b7dd55538a6b202eea32dc3fd0792ac78d908e30631cc7951e552	9590944	10677810	https://mirror.archlinuxarm.org/aarch64/extra/noto-fonts-emoji-1:2.051-1-any.pkg.tar.xz	https://archlinuxarm.org/packages/aarch64/noto-fonts-emoji	https://archlinuxarm.org/packages/aarch64/noto-fonts-emoji/files
live+build	core	npth	npth	1.8-1	aarch64	npth-1.8-1-aarch64.pkg.tar.xz	195fb844c1a24b3f38353b4331ce460ddd3fd57ac053ab4ff2567da175f17a98	27372	133165	https://mirror.archlinuxarm.org/aarch64/core/npth-1.8-1-aarch64.pkg.tar.xz	https://archlinuxarm.org/packages/aarch64/npth	https://archlinuxarm.org/packages/aarch64/npth/files
live	core	nspr	nspr	4.39-1	aarch64	nspr-4.39-1-aarch64.pkg.tar.xz	a4cdace3029d47ab2aeeb82b1f08d48579dd996c08105315574741a3a14d6c07	187000	918021	https://mirror.archlinuxarm.org/aarch64/core/nspr-4.39-1-aarch64.pkg.tar.xz	https://archlinuxarm.org/packages/aarch64/nspr	https://archlinuxarm.org/packages/aarch64/nspr/files
live	core	nss	nss	3.126-1	aarch64	nss-3.126-1-aarch64.pkg.tar.xz	50071329d5f9c4d23e804d42ecbd9d6ed574320dfb236c95f40f53c0a36167da	1515740	6810173	https://mirror.archlinuxarm.org/aarch64/core/nss-3.126-1-aarch64.pkg.tar.xz	https://archlinuxarm.org/packages/aarch64/nss	https://archlinuxarm.org/packages/aarch64/nss/files
live	extra	ntfs-3g	ntfs-3g	2026.7.7-1	aarch64	ntfs-3g-2026.7.7-1-aarch64.pkg.tar.xz	c3f103061b3ffe01e3d077da08a20abd5e901396b1b342d3608170537dd03bc3	55444	343454	https://mirror.archlinuxarm.org/aarch64/extra/ntfs-3g-2026.7.7-1-aarch64.pkg.tar.xz	https://archlinuxarm.org/packages/aarch64/ntfs-3g	https://archlinuxarm.org/packages/aarch64/ntfs-3g/files
live	extra	ntfsprogs	ntfs-3g	2026.7.7-1	aarch64	ntfsprogs-2026.7.7-1-aarch64.pkg.tar.xz	d50b474269d6e9ce239db13b0eba76afb3d46560af01a6279a1963755b7f1294	274488	1527845	https://mirror.archlinuxarm.org/aarch64/extra/ntfsprogs-2026.7.7-1-aarch64.pkg.tar.xz	https://archlinuxarm.org/packages/aarch64/ntfsprogs	https://archlinuxarm.org/packages/aarch64/ntfsprogs/files
live	extra	nvme-cli	nvme-cli	2.16-2	aarch64	nvme-cli-2.16-2-aarch64.pkg.tar.xz	ccd702a69337d55d0961bf672a1371891b3e00394bed646956b5b67d4336a932	827648	2231207	https://mirror.archlinuxarm.org/aarch64/extra/nvme-cli-2.16-2-aarch64.pkg.tar.xz	https://archlinuxarm.org/packages/aarch64/nvme-cli	https://archlinuxarm.org/packages/aarch64/nvme-cli/files
live	extra	ocl-icd	ocl-icd	2.3.4-1	aarch64	ocl-icd-2.3.4-1-aarch64.pkg.tar.xz	b00978709cb4926383d793bb1a7f3f47bd976e071295c89d7fe6ffe4c2236b70	69872	625939	https://mirror.archlinuxarm.org/aarch64/extra/ocl-icd-2.3.4-1-aarch64.pkg.tar.xz	https://archlinuxarm.org/packages/aarch64/ocl-icd	https://archlinuxarm.org/packages/aarch64/ocl-icd/files
live	extra	onetbb	onetbb	2023.1.0-1	aarch64	onetbb-2023.1.0-1-aarch64.pkg.tar.xz	98a359c279316e7b18a13c4739151ba78fb3f18c0328491fabeb6058c1b5eb5a	367092	2198641	https://mirror.archlinuxarm.org/aarch64/extra/onetbb-2023.1.0-1-aarch64.pkg.tar.xz	https://archlinuxarm.org/packages/aarch64/onetbb	https://archlinuxarm.org/packages/aarch64/onetbb/files
live	extra	opencore-amr	opencore-amr	0.1.6-2	aarch64	opencore-amr-0.1.6-2-aarch64.pkg.tar.xz	7a81ea01d12d4a83879204d8be2071d2417d21cced2ed8e076ab309a951ba98e	136700	540956	https://mirror.archlinuxarm.org/aarch64/extra/opencore-amr-0.1.6-2-aarch64.pkg.tar.xz	https://archlinuxarm.org/packages/aarch64/opencore-amr	https://archlinuxarm.org/packages/aarch64/opencore-amr/files
live	extra	openh264	openh264	2.6.0-2	aarch64	openh264-2.6.0-2-aarch64.pkg.tar.xz	b7b8580d7411df2b7dd209fe269fc6631dee413415570f71aae8248d410f3447	434672	2299232	https://mirror.archlinuxarm.org/aarch64/extra/openh264-2.6.0-2-aarch64.pkg.tar.xz	https://archlinuxarm.org/packages/aarch64/openh264	https://archlinuxarm.org/packages/aarch64/openh264/files
live	extra	openjpeg2	openjpeg2	2.5.4-1	aarch64	openjpeg2-2.5.4-1-aarch64.pkg.tar.xz	aa64049214538bcb2830415891af2d494dfdbb1b930b0f251da4f99acf231f47	942812	14237374	https://mirror.archlinuxarm.org/aarch64/extra/openjpeg2-2.5.4-1-aarch64.pkg.tar.xz	https://archlinuxarm.org/packages/aarch64/openjpeg2	https://archlinuxarm.org/packages/aarch64/openjpeg2/files
live	core	openssh	openssh	10.4p1-3	aarch64	openssh-10.4p1-3-aarch64.pkg.tar.xz	b8e1b4f9e1f0db60ca87bd65b7e241229f8d403cc583c6c7196ce0b9b0eaf889	1207816	10017751	https://mirror.archlinuxarm.org/aarch64/core/openssh-10.4p1-3-aarch64.pkg.tar.xz	https://archlinuxarm.org/packages/aarch64/openssh	https://archlinuxarm.org/packages/aarch64/openssh/files
live+build	core	openssl	openssl	3.6.3-1	aarch64	openssl-3.6.3-1-aarch64.pkg.tar.xz	e350e4d1b1e407f4eddd23caf5b36e6d7c2334fea5814a237c04962ebad9e9ff	5864360	13993871	https://mirror.archlinuxarm.org/aarch64/core/openssl-3.6.3-1-aarch64.pkg.tar.xz	https://archlinuxarm.org/packages/aarch64/openssl	https://archlinuxarm.org/packages/aarch64/openssl/files
live	extra	opus	opus	1.6.1-1	aarch64	opus-1.6.1-1-aarch64.pkg.tar.xz	a111defb532e8e7e12815cffa06f59be23e3d5b95539d5588289a467a2a11b1a	3946736	5049281	https://mirror.archlinuxarm.org/aarch64/extra/opus-1.6.1-1-aarch64.pkg.tar.xz	https://archlinuxarm.org/packages/aarch64/opus	https://archlinuxarm.org/packages/aarch64/opus/files
live	extra	orc	orc	0.4.42-1	aarch64	orc-0.4.42-1-aarch64.pkg.tar.xz	6f6ec087b877293bf04a98829f257859d2c1940b7a001bbcf4e8d4fe9aae55af	281344	1717491	https://mirror.archlinuxarm.org/aarch64/extra/orc-0.4.42-1-aarch64.pkg.tar.xz	https://archlinuxarm.org/packages/aarch64/orc	https://archlinuxarm.org/packages/aarch64/orc/files
live	extra	orca	orca	50.2-1	any	orca-50.2-1-any.pkg.tar.xz	7c6bc71016bf4191ba424cefed9f9f4f4d7c62e4a93acb3040fed52cc7a0fcd6	3158164	27281770	https://mirror.archlinuxarm.org/aarch64/extra/orca-50.2-1-any.pkg.tar.xz	https://archlinuxarm.org/packages/aarch64/orca	https://archlinuxarm.org/packages/aarch64/orca/files
live	extra	osinfo-db	osinfo-db	20251212-1	any	osinfo-db-20251212-1-any.pkg.tar.xz	3d4653df8a95f040fca7884d8e72ed3cd1e0a521333236810f02f9965c6df981	212084	4413071	https://mirror.archlinuxarm.org/aarch64/extra/osinfo-db-20251212-1-any.pkg.tar.xz	https://archlinuxarm.org/packages/aarch64/osinfo-db	https://archlinuxarm.org/packages/aarch64/osinfo-db/files
live+build	core	p11-kit	p11-kit	0.26.4-1	aarch64	p11-kit-0.26.4-1-aarch64.pkg.tar.xz	8fce9afb18617ff653e17a1ff526611ed326f27630ee8087db1370aa7a75d5e0	248512	1532365	https://mirror.archlinuxarm.org/aarch64/core/p11-kit-0.26.4-1-aarch64.pkg.tar.xz	https://archlinuxarm.org/packages/aarch64/p11-kit	https://archlinuxarm.org/packages/aarch64/p11-kit/files
live+build	core	pacman	pacman	7.1.0.r9.g54d9411-2	aarch64	pacman-7.1.0.r9.g54d9411-2-aarch64.pkg.tar.xz	0e7a5a731727b50e5453f9946afed63456ca6d7015ec0044426489dc78134e3d	904012	5569823	https://mirror.archlinuxarm.org/aarch64/core/pacman-7.1.0.r9.g54d9411-2-aarch64.pkg.tar.xz	https://archlinuxarm.org/packages/aarch64/pacman	https://archlinuxarm.org/packages/aarch64/pacman/files
build	extra	pacman-contrib	pacman-contrib	1.13.1-1	aarch64	pacman-contrib-1.13.1-1-aarch64.pkg.tar.xz	7f89d02bae727950f543ec969145212b93abea947675de27280c6978cfe9b946	49604	230532	https://mirror.archlinuxarm.org/aarch64/extra/pacman-contrib-1.13.1-1-aarch64.pkg.tar.xz	https://archlinuxarm.org/packages/aarch64/pacman-contrib	https://archlinuxarm.org/packages/aarch64/pacman-contrib/files
live+build	core	pacman-mirrorlist	pacman-mirrorlist	20260411-2	any	pacman-mirrorlist-20260411-2-any.pkg.tar.xz	b79b0c0117f394085922ec393aa8bc3e264147377ed90448db928d1142e76ad5	2640	1129	https://mirror.archlinuxarm.org/aarch64/core/pacman-mirrorlist-20260411-2-any.pkg.tar.xz	https://archlinuxarm.org/packages/aarch64/pacman-mirrorlist	https://archlinuxarm.org/packages/aarch64/pacman-mirrorlist/files
live+build	core	pam	pam	1.7.2-2	aarch64	pam-1.7.2-2-aarch64.pkg.tar.xz	a0c3f35ba05a7da5de8e8cb7c50ff05c1e51512e6055ba6958ddb80e17dcd880	589036	5528635	https://mirror.archlinuxarm.org/aarch64/core/pam-1.7.2-2-aarch64.pkg.tar.xz	https://archlinuxarm.org/packages/aarch64/pam	https://archlinuxarm.org/packages/aarch64/pam/files
live+build	core	pambase	pambase	20260616-1	any	pambase-20260616-1-any.pkg.tar.xz	8824b4ddde15770edd4a760901b4c73add68bb18f639ded8316024bc1ab0210f	3360	2794	https://mirror.archlinuxarm.org/aarch64/core/pambase-20260616-1-any.pkg.tar.xz	https://archlinuxarm.org/packages/aarch64/pambase	https://archlinuxarm.org/packages/aarch64/pambase/files
live	extra	pango	pango	1:1.58.0-1	aarch64	pango-1:1.58.0-1-aarch64.pkg.tar.xz	0dc83d55b28a2940cb19db2b5fc8c54b638755ab949dff59565b84fe86e39231	414192	2714088	https://mirror.archlinuxarm.org/aarch64/extra/pango-1:1.58.0-1-aarch64.pkg.tar.xz	https://archlinuxarm.org/packages/aarch64/pango	https://archlinuxarm.org/packages/aarch64/pango/files
live	extra	pangomm	pangomm	2.46.5-1	aarch64	pangomm-2.46.5-1-aarch64.pkg.tar.xz	2cc900aa360129f7dbec49fd264657a9b035b6890279a4bb9fdd7fac8815704a	92380	574466	https://mirror.archlinuxarm.org/aarch64/extra/pangomm-2.46.5-1-aarch64.pkg.tar.xz	https://archlinuxarm.org/packages/aarch64/pangomm	https://archlinuxarm.org/packages/aarch64/pangomm/files
live	extra	pangomm-2.48	pangomm-2.48	2.56.2-1	aarch64	pangomm-2.48-2.56.2-1-aarch64.pkg.tar.xz	bf02cffaf17f80e66bca45010ed81b5032cdd47ca21c6acee9be82b0c365f881	112464	667455	https://mirror.archlinuxarm.org/aarch64/extra/pangomm-2.48-2.56.2-1-aarch64.pkg.tar.xz	https://archlinuxarm.org/packages/aarch64/pangomm-2.48	https://archlinuxarm.org/packages/aarch64/pangomm-2.48/files
live	extra	papers	papers	50.2-1	aarch64	papers-50.2-1-aarch64.pkg.tar.xz	b110a158c1a178aee1b498cf702a4d487f27b8ee547794f584f7b1e31183bc47	3492228	18993351	https://mirror.archlinuxarm.org/aarch64/extra/papers-50.2-1-aarch64.pkg.tar.xz	https://archlinuxarm.org/packages/aarch64/papers	https://archlinuxarm.org/packages/aarch64/papers/files
live	extra	parted	parted	3.7-1	aarch64	parted-3.7-1-aarch64.pkg.tar.xz	8168e03b992080c00e3e5d48e886a393e71679d1f7cac300aa0048422c45516f	519880	2887805	https://mirror.archlinuxarm.org/aarch64/extra/parted-3.7-1-aarch64.pkg.tar.xz	https://archlinuxarm.org/packages/aarch64/parted	https://archlinuxarm.org/packages/aarch64/parted/files
live	extra	pcaudiolib	pcaudiolib	1.3-1	aarch64	pcaudiolib-1.3-1-aarch64.pkg.tar.xz	02c9a569d524876753c09e487d94bb1cc510af2a469ec48c0a4b1407c4f8a7f2	8312	70231	https://mirror.archlinuxarm.org/aarch64/extra/pcaudiolib-1.3-1-aarch64.pkg.tar.xz	https://archlinuxarm.org/packages/aarch64/pcaudiolib	https://archlinuxarm.org/packages/aarch64/pcaudiolib/files
live	core	pciutils	pciutils	3.15.0-1	aarch64	pciutils-3.15.0-1-aarch64.pkg.tar.xz	57e4440f20a6ab0ea94a8c8725b569c1beac5d2952a793ddf80fdee1067c5a84	138264	551072	https://mirror.archlinuxarm.org/aarch64/core/pciutils-3.15.0-1-aarch64.pkg.tar.xz	https://archlinuxarm.org/packages/aarch64/pciutils	https://archlinuxarm.org/packages/aarch64/pciutils/files
live	core	pcre	pcre	8.45-4	aarch64	pcre-8.45-4-aarch64.pkg.tar.xz	fa0d7c0980bc8fee64e379f5198e2f6eef831dbf2a1d2a53de8ec465f2297149	900772	3457973	https://mirror.archlinuxarm.org/aarch64/core/pcre-8.45-4-aarch64.pkg.tar.xz	https://archlinuxarm.org/packages/aarch64/pcre	https://archlinuxarm.org/packages/aarch64/pcre/files
live+build	core	pcre2	pcre2	10.47-1	aarch64	pcre2-10.47-1-aarch64.pkg.tar.xz	bf2d58fb9dc6863eaa78545461176ecc38f65b6108a94a520b10aa12d9019a16	1259220	6916033	https://mirror.archlinuxarm.org/aarch64/core/pcre2-10.47-1-aarch64.pkg.tar.xz	https://archlinuxarm.org/packages/aarch64/pcre2	https://archlinuxarm.org/packages/aarch64/pcre2/files
live	extra	pcsclite	pcsclite	2.5.1-1	aarch64	pcsclite-2.5.1-1-aarch64.pkg.tar.xz	58ad5c7d1074bbb372d6a9c26f882a302b4806bb5666d7ee80af65effe7507b7	103260	528238	https://mirror.archlinuxarm.org/aarch64/extra/pcsclite-2.5.1-1-aarch64.pkg.tar.xz	https://archlinuxarm.org/packages/aarch64/pcsclite	https://archlinuxarm.org/packages/aarch64/pcsclite/files
live	core	perl	perl	5.42.2-1	aarch64	perl-5.42.2-1-aarch64.pkg.tar.xz	28a800982268c6fb3e9449b753eca0f3816cecb661a376c94dae77b7d82541de	16000800	65935210	https://mirror.archlinuxarm.org/aarch64/core/perl-5.42.2-1-aarch64.pkg.tar.xz	https://archlinuxarm.org/packages/aarch64/perl	https://archlinuxarm.org/packages/aarch64/perl/files
live+build	core	pinentry	pinentry	1.3.3-1	aarch64	pinentry-1.3.3-1-aarch64.pkg.tar.xz	a4e7aea581effe0bcd2c90ad7062597ac83bab88116cf31cda21940ca626a1c1	140248	888419	https://mirror.archlinuxarm.org/aarch64/core/pinentry-1.3.3-1-aarch64.pkg.tar.xz	https://archlinuxarm.org/packages/aarch64/pinentry	https://archlinuxarm.org/packages/aarch64/pinentry/files
live	extra	pipewire	pipewire	1:1.6.8-1	aarch64	pipewire-1:1.6.8-1-aarch64.pkg.tar.xz	893365fbf48facd79a0fd8506c60d246a6467bb452c7f268df7a7efd9a1a3637	650564	4874343	https://mirror.archlinuxarm.org/aarch64/extra/pipewire-1:1.6.8-1-aarch64.pkg.tar.xz	https://archlinuxarm.org/packages/aarch64/pipewire	https://archlinuxarm.org/packages/aarch64/pipewire/files
live	extra	pipewire-alsa	pipewire	1:1.6.8-1	aarch64	pipewire-alsa-1:1.6.8-1-aarch64.pkg.tar.xz	ac47173c0ece4329ee082b20f45a52422486d6af03c998e6819597e30dc92f63	5164	1218	https://mirror.archlinuxarm.org/aarch64/extra/pipewire-alsa-1:1.6.8-1-aarch64.pkg.tar.xz	https://archlinuxarm.org/packages/aarch64/pipewire-alsa	https://archlinuxarm.org/packages/aarch64/pipewire-alsa/files
live	extra	pipewire-audio	pipewire	1:1.6.8-1	aarch64	pipewire-audio-1:1.6.8-1-aarch64.pkg.tar.xz	3bb8c0edee5f364b392e21fa926cf1e0588fcd67ab16a98fcc8d1a7965379e15	1493260	9008042	https://mirror.archlinuxarm.org/aarch64/extra/pipewire-audio-1:1.6.8-1-aarch64.pkg.tar.xz	https://archlinuxarm.org/packages/aarch64/pipewire-audio	https://archlinuxarm.org/packages/aarch64/pipewire-audio/files
live	extra	pipewire-libcamera	pipewire	1:1.6.8-1	aarch64	pipewire-libcamera-1:1.6.8-1-aarch64.pkg.tar.xz	b6b089ed3af1e60e2e9d87f072eba14c744e9836eb6d556dbb73fb3a24bac3e4	57048	200082	https://mirror.archlinuxarm.org/aarch64/extra/pipewire-libcamera-1:1.6.8-1-aarch64.pkg.tar.xz	https://archlinuxarm.org/packages/aarch64/pipewire-libcamera	https://archlinuxarm.org/packages/aarch64/pipewire-libcamera/files
live	extra	pipewire-pulse	pipewire	1:1.6.8-1	aarch64	pipewire-pulse-1:1.6.8-1-aarch64.pkg.tar.xz	8018fbb8dee5cc912f15e0152e4cd3b6e59502a157896287a807e285fcc6e6d4	207052	828955	https://mirror.archlinuxarm.org/aarch64/extra/pipewire-pulse-1:1.6.8-1-aarch64.pkg.tar.xz	https://archlinuxarm.org/packages/aarch64/pipewire-pulse	https://archlinuxarm.org/packages/aarch64/pipewire-pulse/files
live	extra	pixman	pixman	0.46.4-1.1	aarch64	pixman-0.46.4-1.1-aarch64.pkg.tar.xz	4d20f22998a75c9fe1d38c86cd6f4324120fc2bb02f4a749e4794daac6b87dd2	181292	716846	https://mirror.archlinuxarm.org/aarch64/extra/pixman-0.46.4-1.1-aarch64.pkg.tar.xz	https://archlinuxarm.org/packages/aarch64/pixman	https://archlinuxarm.org/packages/aarch64/pixman/files
live	extra	plymouth	plymouth	26.134.222-2	aarch64	plymouth-26.134.222-2-aarch64.pkg.tar.xz	f1ff469b87b1421487c77f3247b725dbc8c41ce06a604f738109755e96b72368	1045220	3000563	https://mirror.archlinuxarm.org/aarch64/extra/plymouth-26.134.222-2-aarch64.pkg.tar.xz	https://archlinuxarm.org/packages/aarch64/plymouth	https://archlinuxarm.org/packages/aarch64/plymouth/files
live	extra	polkit	polkit	127-3	aarch64	polkit-127-3-aarch64.pkg.tar.xz	dbfa3447df79d526968deb0117ff73580969b1f02ce678270a0ba2f1b134244a	413660	2484504	https://mirror.archlinuxarm.org/aarch64/extra/polkit-127-3-aarch64.pkg.tar.xz	https://archlinuxarm.org/packages/aarch64/polkit	https://archlinuxarm.org/packages/aarch64/polkit/files
live	extra	poppler	poppler	26.07.0-1	aarch64	poppler-26.07.0-1-aarch64.pkg.tar.xz	5b4bdeee9350382f4544f1c50e53dbfc8957659796d16d43f3d1dace0584fcd8	1626180	8159290	https://mirror.archlinuxarm.org/aarch64/extra/poppler-26.07.0-1-aarch64.pkg.tar.xz	https://archlinuxarm.org/packages/aarch64/poppler	https://archlinuxarm.org/packages/aarch64/poppler/files
live	extra	poppler-glib	poppler	26.07.0-1	aarch64	poppler-glib-26.07.0-1-aarch64.pkg.tar.xz	0bdbc77ffe86c428283b29f9a71a51bf8decf4e4658868add972d5389bb0a295	352248	3500277	https://mirror.archlinuxarm.org/aarch64/extra/poppler-glib-26.07.0-1-aarch64.pkg.tar.xz	https://archlinuxarm.org/packages/aarch64/poppler-glib	https://archlinuxarm.org/packages/aarch64/poppler-glib/files
live+build	core	popt	popt	1.19-2	aarch64	popt-1.19-2-aarch64.pkg.tar.xz	92da201e571426ab38ac690107e97e870862c005be9b1ecb3e1ab699ac20a022	69940	263444	https://mirror.archlinuxarm.org/aarch64/core/popt-1.19-2-aarch64.pkg.tar.xz	https://archlinuxarm.org/packages/aarch64/popt	https://archlinuxarm.org/packages/aarch64/popt/files
live	extra	portaudio	portaudio	1:19.7.0-4	aarch64	portaudio-1:19.7.0-4-aarch64.pkg.tar.xz	01aeb9996f9d642008274c59c337b1c9f51e847d6106124752722bcae41bf911	91772	370135	https://mirror.archlinuxarm.org/aarch64/extra/portaudio-1:19.7.0-4-aarch64.pkg.tar.xz	https://archlinuxarm.org/packages/aarch64/portaudio	https://archlinuxarm.org/packages/aarch64/portaudio/files
live	extra	power-profiles-daemon	power-profiles-daemon	0.30-1	aarch64	power-profiles-daemon-0.30-1-aarch64.pkg.tar.xz	c1fe5080a573c73ed200217bbde3e11ba115568f810e260f004476929b3c7e64	46444	161650	https://mirror.archlinuxarm.org/aarch64/extra/power-profiles-daemon-0.30-1-aarch64.pkg.tar.xz	https://archlinuxarm.org/packages/aarch64/power-profiles-daemon	https://archlinuxarm.org/packages/aarch64/power-profiles-daemon/files
live	core	procps-ng	procps-ng	4.0.6-3	aarch64	procps-ng-4.0.6-3-aarch64.pkg.tar.xz	8e25ffa987a03ecd974f85ffe928c3a76782aef6d504e78c1dce92e718b5c0b5	990460	3493305	https://mirror.archlinuxarm.org/aarch64/core/procps-ng-4.0.6-3-aarch64.pkg.tar.xz	https://archlinuxarm.org/packages/aarch64/procps-ng	https://archlinuxarm.org/packages/aarch64/procps-ng/files
live	extra	protobuf	protobuf	35.1-1	aarch64	protobuf-35.1-1-aarch64.pkg.tar.xz	761885ab2ab121cca70b1c599c2f31080d0dd597b68cb90ae967fd017fac5a71	3322604	19257990	https://mirror.archlinuxarm.org/aarch64/extra/protobuf-35.1-1-aarch64.pkg.tar.xz	https://archlinuxarm.org/packages/aarch64/protobuf	https://archlinuxarm.org/packages/aarch64/protobuf/files
live	extra	protobuf-c	protobuf-c	1.5.2-12	aarch64	protobuf-c-1.5.2-12-aarch64.pkg.tar.xz	97e3a75bc60053aa84201cf519247503728b119392cedd9ae9edf834563e4681	114056	437211	https://mirror.archlinuxarm.org/aarch64/extra/protobuf-c-1.5.2-12-aarch64.pkg.tar.xz	https://archlinuxarm.org/packages/aarch64/protobuf-c	https://archlinuxarm.org/packages/aarch64/protobuf-c/files
live	core	psmisc	psmisc	23.7-2	aarch64	psmisc-23.7-2-aarch64.pkg.tar.xz	53d210ce6f840aa3c02f1b7ee32effcc1dc3584674cfbc254a1582845a04476c	254984	1053865	https://mirror.archlinuxarm.org/aarch64/core/psmisc-23.7-2-aarch64.pkg.tar.xz	https://archlinuxarm.org/packages/aarch64/psmisc	https://archlinuxarm.org/packages/aarch64/psmisc/files
live	core	python	python	3.14.6-1	aarch64	python-3.14.6-1-aarch64.pkg.tar.xz	cb073f5966a584c1c257309f724cb689c56725eddc69a04693b0cb43d087c49c	13488092	81864469	https://mirror.archlinuxarm.org/aarch64/core/python-3.14.6-1-aarch64.pkg.tar.xz	https://archlinuxarm.org/packages/aarch64/python	https://archlinuxarm.org/packages/aarch64/python/files
live	extra	python-argcomplete	python-argcomplete	3.7.0-1	any	python-argcomplete-3.7.0-1-any.pkg.tar.xz	a029557b53f5ae7641910ae7054dae53d6b01e3388cc02a2db6ad54cc2f04772	69848	325333	https://mirror.archlinuxarm.org/aarch64/extra/python-argcomplete-3.7.0-1-any.pkg.tar.xz	https://archlinuxarm.org/packages/aarch64/python-argcomplete	https://archlinuxarm.org/packages/aarch64/python-argcomplete/files
live	extra	python-brltty	brltty	6.9.1-3	aarch64	python-brltty-6.9.1-3-aarch64.pkg.tar.xz	dd56d2088bf553de535fb4a10611fbf23f897279a2f5691795a0922fa16e0ae0	81796	342236	https://mirror.archlinuxarm.org/aarch64/extra/python-brltty-6.9.1-3-aarch64.pkg.tar.xz	https://archlinuxarm.org/packages/aarch64/python-brltty	https://archlinuxarm.org/packages/aarch64/python-brltty/files
live	extra	python-cairo	python-cairo	1.29.0-2	aarch64	python-cairo-1.29.0-2-aarch64.pkg.tar.xz	4db19d292d3c743e2e5f7ea62e57d5a9bcb0f30620e26df7319e13014eef1e25	94224	543913	https://mirror.archlinuxarm.org/aarch64/extra/python-cairo-1.29.0-2-aarch64.pkg.tar.xz	https://archlinuxarm.org/packages/aarch64/python-cairo	https://archlinuxarm.org/packages/aarch64/python-cairo/files
live	extra	python-dasbus	python-dasbus	1.7-5	any	python-dasbus-1.7-5-any.pkg.tar.xz	cebe24388fb60301e465bf8f27d36c5ddb6e671d491c10f33fb19fdd4aa70607	93416	611023	https://mirror.archlinuxarm.org/aarch64/extra/python-dasbus-1.7-5-any.pkg.tar.xz	https://archlinuxarm.org/packages/aarch64/python-dasbus	https://archlinuxarm.org/packages/aarch64/python-dasbus/files
live	extra	python-dbus	dbus-python	1.4.0-2	aarch64	python-dbus-1.4.0-2-aarch64.pkg.tar.xz	75981dedd649b757d32c3e3604ad5a9af8643d276e048534caaed8932311d3b8	117728	752752	https://mirror.archlinuxarm.org/aarch64/extra/python-dbus-1.4.0-2-aarch64.pkg.tar.xz	https://archlinuxarm.org/packages/aarch64/python-dbus	https://archlinuxarm.org/packages/aarch64/python-dbus/files
live	extra	python-gobject	pygobject	3.56.3-1	aarch64	python-gobject-3.56.3-1-aarch64.pkg.tar.xz	f6e700bdca2cbe33c4f39240a741a27dad0b965fc0f2542655280112affb79c9	299372	1701428	https://mirror.archlinuxarm.org/aarch64/extra/python-gobject-3.56.3-1-aarch64.pkg.tar.xz	https://archlinuxarm.org/packages/aarch64/python-gobject	https://archlinuxarm.org/packages/aarch64/python-gobject/files
live	extra	python-psutil	python-psutil	7.2.2-1	aarch64	python-psutil-7.2.2-1-aarch64.pkg.tar.xz	ae4315b6c0a73fa5f310828858ba9b347b2f04ed64b4cb69f0347ade4fe2e01c	199252	1227509	https://mirror.archlinuxarm.org/aarch64/extra/python-psutil-7.2.2-1-aarch64.pkg.tar.xz	https://archlinuxarm.org/packages/aarch64/python-psutil	https://archlinuxarm.org/packages/aarch64/python-psutil/files
live	extra	python-pyxdg	pyxdg	0.28-7	any	python-pyxdg-0.28-7-any.pkg.tar.xz	faf084f51b17c2c6b1651abec373761f74951d377814cd9843d56025aad4c32d	98408	607607	https://mirror.archlinuxarm.org/aarch64/extra/python-pyxdg-0.28-7-any.pkg.tar.xz	https://archlinuxarm.org/packages/aarch64/python-pyxdg	https://archlinuxarm.org/packages/aarch64/python-pyxdg/files
live	extra	python-setproctitle	python-setproctitle	1.3.7-2	aarch64	python-setproctitle-1.3.7-2-aarch64.pkg.tar.xz	91203dc162a851e46b307ecf77fc896c3dec4b39d7942d4ca98065a10c4079b7	15016	89205	https://mirror.archlinuxarm.org/aarch64/extra/python-setproctitle-1.3.7-2-aarch64.pkg.tar.xz	https://archlinuxarm.org/packages/aarch64/python-setproctitle	https://archlinuxarm.org/packages/aarch64/python-setproctitle/files
live	extra	qt6-base	qt6-base	6.11.1-1	aarch64	qt6-base-6.11.1-1-aarch64.pkg.tar.xz	502bd6689b9ff5761be4dd21512738ff26e75333a6cc744c4e6354ef097448e0	14755588	75313741	https://mirror.archlinuxarm.org/aarch64/extra/qt6-base-6.11.1-1-aarch64.pkg.tar.xz	https://archlinuxarm.org/packages/aarch64/qt6-base	https://archlinuxarm.org/packages/aarch64/qt6-base/files
live	extra	qt6-translations	qt6-translations	6.11.1-1	any	qt6-translations-6.11.1-1-any.pkg.tar.xz	d73d8f4ebd50b1d209ca27043a911a52026f6a024322c486a525a0de32d1c348	1943144	16106542	https://mirror.archlinuxarm.org/aarch64/extra/qt6-translations-6.11.1-1-any.pkg.tar.xz	https://archlinuxarm.org/packages/aarch64/qt6-translations	https://archlinuxarm.org/packages/aarch64/qt6-translations/files
live	extra	rav1e	rav1e	0.8.1-3	aarch64	rav1e-0.8.1-3-aarch64.pkg.tar.xz	a4cd3de43626582c42c89627a52bdf3856fed2e3f3a2d378c9e101911b6bb396	1155372	5569145	https://mirror.archlinuxarm.org/aarch64/extra/rav1e-0.8.1-3-aarch64.pkg.tar.xz	https://archlinuxarm.org/packages/aarch64/rav1e	https://archlinuxarm.org/packages/aarch64/rav1e/files
live+build	core	readline	readline	8.3.003-1	aarch64	readline-8.3.003-1-aarch64.pkg.tar.xz	602efa44b9f3fdc89f4acbe270dd9698049462912817fb8f005d302d2a9bc0e3	401040	1630617	https://mirror.archlinuxarm.org/aarch64/core/readline-8.3.003-1-aarch64.pkg.tar.xz	https://archlinuxarm.org/packages/aarch64/readline	https://archlinuxarm.org/packages/aarch64/readline/files
live	extra	rnote	rnote	0.14.2-2	aarch64	rnote-0.14.2-2-aarch64.pkg.tar.xz	81f2e38b105d2f75e349ad4fb58fff7a45a31eac1816907321804f91d86884ea	12251736	35342698	https://mirror.archlinuxarm.org/aarch64/extra/rnote-0.14.2-2-aarch64.pkg.tar.xz	https://archlinuxarm.org/packages/aarch64/rnote	https://archlinuxarm.org/packages/aarch64/rnote/files
live+build	extra	rsync	rsync	3.4.4-1	aarch64	rsync-3.4.4-1-aarch64.pkg.tar.xz	85cbdcfc915b1cd46067b81443d8a254c825b6026ab48e935b443b0c9f713426	350548	813439	https://mirror.archlinuxarm.org/aarch64/extra/rsync-3.4.4-1-aarch64.pkg.tar.xz	https://archlinuxarm.org/packages/aarch64/rsync	https://archlinuxarm.org/packages/aarch64/rsync/files
live	extra	rubberband	rubberband	4.0.0-2	aarch64	rubberband-4.0.0-2-aarch64.pkg.tar.xz	22f46afe465016fef8e9e1738a38e3ee0b966cb19090b05b6d39155b12912b26	212300	1810385	https://mirror.archlinuxarm.org/aarch64/extra/rubberband-4.0.0-2-aarch64.pkg.tar.xz	https://archlinuxarm.org/packages/aarch64/rubberband	https://archlinuxarm.org/packages/aarch64/rubberband/files
live	extra	sbc	sbc	2.2-1	aarch64	sbc-2.2-1-aarch64.pkg.tar.xz	73d3213904ebd2d8f48b462d83d73cfe1922f3e2ac8aaf33127b2dffa9c51af8	38504	273370	https://mirror.archlinuxarm.org/aarch64/extra/sbc-2.2-1-aarch64.pkg.tar.xz	https://archlinuxarm.org/packages/aarch64/sbc	https://archlinuxarm.org/packages/aarch64/sbc/files
live	extra	sdl2-compat	sdl2-compat	2.32.70-1	aarch64	sdl2-compat-2.32.70-1-aarch64.pkg.tar.xz	b1bcb50fc675c1ac54122054fc1cb894685c22aa4a10a3c3926ee18b955789c8	457920	3305450	https://mirror.archlinuxarm.org/aarch64/extra/sdl2-compat-2.32.70-1-aarch64.pkg.tar.xz	https://archlinuxarm.org/packages/aarch64/sdl2-compat	https://archlinuxarm.org/packages/aarch64/sdl2-compat/files
live	extra	sdl3	sdl3	3.4.12-1	aarch64	sdl3-3.4.12-1-aarch64.pkg.tar.xz	79daa0d74a11361c4183857a8441fd6062ad95e7af1edae1d5184bc48a856767	1493868	7356546	https://mirror.archlinuxarm.org/aarch64/extra/sdl3-3.4.12-1-aarch64.pkg.tar.xz	https://archlinuxarm.org/packages/aarch64/sdl3	https://archlinuxarm.org/packages/aarch64/sdl3/files
live	extra	seahorse	seahorse	1:47.0.1-6	aarch64	seahorse-1:47.0.1-6-aarch64.pkg.tar.xz	d4ecdfc3cd8c8d4400755827be703d37c2a5778b3b6e1afb36bdbf148aca2778	1170948	7717261	https://mirror.archlinuxarm.org/aarch64/extra/seahorse-1:47.0.1-6-aarch64.pkg.tar.xz	https://archlinuxarm.org/packages/aarch64/seahorse	https://archlinuxarm.org/packages/aarch64/seahorse/files
live+build	core	sed	sed	4.10-1	aarch64	sed-4.10-1-aarch64.pkg.tar.xz	79e4e93c97a301ab4ad9aead5e0bff954005731e45c1ac7da344632a17735b98	236464	827465	https://mirror.archlinuxarm.org/aarch64/core/sed-4.10-1-aarch64.pkg.tar.xz	https://archlinuxarm.org/packages/aarch64/sed	https://archlinuxarm.org/packages/aarch64/sed/files
live	extra	serd	serd	0.32.10-1	aarch64	serd-0.32.10-1-aarch64.pkg.tar.xz	63f2c696dfd4a69a26b9241ef730dc335ccd3105c79025d8ce078404825e0418	59980	258273	https://mirror.archlinuxarm.org/aarch64/extra/serd-0.32.10-1-aarch64.pkg.tar.xz	https://archlinuxarm.org/packages/aarch64/serd	https://archlinuxarm.org/packages/aarch64/serd/files
live	extra	shaderc	shaderc	2026.2-2	aarch64	shaderc-2026.2-2-aarch64.pkg.tar.xz	879dbb1d6ac9d2b15d4ae32323ae5034fa67af52d0594af8217b3f6b39fe21a9	123740	815756	https://mirror.archlinuxarm.org/aarch64/extra/shaderc-2026.2-2-aarch64.pkg.tar.xz	https://archlinuxarm.org/packages/aarch64/shaderc	https://archlinuxarm.org/packages/aarch64/shaderc/files
live+build	core	shadow	shadow	4.19.4.arch1-1	aarch64	shadow-4.19.4.arch1-1-aarch64.pkg.tar.xz	7c6ed6b8581dd3fa47e30d4c6e8f88822589433f08afefbebce4c94ed0ed6d39	1213992	5309832	https://mirror.archlinuxarm.org/aarch64/core/shadow-4.19.4.arch1-1-aarch64.pkg.tar.xz	https://archlinuxarm.org/packages/aarch64/shadow	https://archlinuxarm.org/packages/aarch64/shadow/files
live	extra	shared-mime-info	shared-mime-info	2.5.1-2	aarch64	shared-mime-info-2.5.1-2-aarch64.pkg.tar.xz	1a13b14aec99ae2c7666e73b7b5f74b6c899f80fc9bf26d089ea51fe2cb4d821	703476	6152679	https://mirror.archlinuxarm.org/aarch64/extra/shared-mime-info-2.5.1-2-aarch64.pkg.tar.xz	https://archlinuxarm.org/packages/aarch64/shared-mime-info	https://archlinuxarm.org/packages/aarch64/shared-mime-info/files
live	extra	slang	slang	2.3.3-4	aarch64	slang-2.3.3-4-aarch64.pkg.tar.xz	0eb1ebad4099190298e00cb68e3853d155d52eb8cb1157a7ec914d505279de70	767256	4755407	https://mirror.archlinuxarm.org/aarch64/extra/slang-2.3.3-4-aarch64.pkg.tar.xz	https://archlinuxarm.org/packages/aarch64/slang	https://archlinuxarm.org/packages/aarch64/slang/files
live	extra	smartmontools	smartmontools	7.5-1	aarch64	smartmontools-7.5-1-aarch64.pkg.tar.xz	193ba102601afe2b11e12311c4b7fae23036c66a33c767851f5f4c5165b08d17	595668	2692889	https://mirror.archlinuxarm.org/aarch64/extra/smartmontools-7.5-1-aarch64.pkg.tar.xz	https://archlinuxarm.org/packages/aarch64/smartmontools	https://archlinuxarm.org/packages/aarch64/smartmontools/files
live	extra	smbclient	samba	2:4.24.4-1	aarch64	smbclient-2:4.24.4-1-aarch64.pkg.tar.xz	7d2311d962370665a8421291578912d1ae42258205d20a7243611379da698911	6526440	38242373	https://mirror.archlinuxarm.org/aarch64/extra/smbclient-2:4.24.4-1-aarch64.pkg.tar.xz	https://archlinuxarm.org/packages/aarch64/smbclient	https://archlinuxarm.org/packages/aarch64/smbclient/files
live	extra	snappy	snappy	1.2.2-3	aarch64	snappy-1.2.2-3-aarch64.pkg.tar.xz	19e057413b812c31b2e540261480a7c1088c80c7d2999e3754953f3710cadaf0	32008	109383	https://mirror.archlinuxarm.org/aarch64/extra/snappy-1.2.2-3-aarch64.pkg.tar.xz	https://archlinuxarm.org/packages/aarch64/snappy	https://archlinuxarm.org/packages/aarch64/snappy/files
live	extra	snapshot	snapshot	50.0-1	aarch64	snapshot-50.0-1-aarch64.pkg.tar.xz	47f533677d12f5d1c590cb421f27fb3584eeac95119284f9aa91736484f5123d	1234060	4165395	https://mirror.archlinuxarm.org/aarch64/extra/snapshot-50.0-1-aarch64.pkg.tar.xz	https://archlinuxarm.org/packages/aarch64/snapshot	https://archlinuxarm.org/packages/aarch64/snapshot/files
live	extra	sndio	sndio	1.10.0-1	aarch64	sndio-1.10.0-1-aarch64.pkg.tar.xz	89d0daf0976681633039f0354eccc5b379e93ead2c78aae247f9adf59e2b378e	121920	440312	https://mirror.archlinuxarm.org/aarch64/extra/sndio-1.10.0-1-aarch64.pkg.tar.xz	https://archlinuxarm.org/packages/aarch64/sndio	https://archlinuxarm.org/packages/aarch64/sndio/files
live	extra	sord	sord	0.16.22-1	aarch64	sord-0.16.22-1-aarch64.pkg.tar.xz	83b754b154e1fa39dd7d686f78aead58d8c7ea3360db56b975d4ee65f5bc9044	35740	250380	https://mirror.archlinuxarm.org/aarch64/extra/sord-0.16.22-1-aarch64.pkg.tar.xz	https://archlinuxarm.org/packages/aarch64/sord	https://archlinuxarm.org/packages/aarch64/sord/files
live	extra	sound-theme-freedesktop	sound-theme-freedesktop	0.8-6	any	sound-theme-freedesktop-0.8-6-any.pkg.tar.xz	00e9d7c2aa6c5346066abc350c91a1b8b6c0a0d57a6fd825d9916198fdea92c8	377020	472275	https://mirror.archlinuxarm.org/aarch64/extra/sound-theme-freedesktop-0.8-6-any.pkg.tar.xz	https://archlinuxarm.org/packages/aarch64/sound-theme-freedesktop	https://archlinuxarm.org/packages/aarch64/sound-theme-freedesktop/files
live	extra	spandsp	spandsp	0.0.6-7	aarch64	spandsp-0.0.6-7-aarch64.pkg.tar.xz	c3fef8569a60a66dc9605b476a9032031c91fc566a994741836dc622b8bbb7d9	393812	1718008	https://mirror.archlinuxarm.org/aarch64/extra/spandsp-0.0.6-7-aarch64.pkg.tar.xz	https://archlinuxarm.org/packages/aarch64/spandsp	https://archlinuxarm.org/packages/aarch64/spandsp/files
live	extra	speech-dispatcher	speech-dispatcher	0.12.1-3	aarch64	speech-dispatcher-0.12.1-3-aarch64.pkg.tar.xz	eafba33d044aebb3a53aea392745415a55e3694c95bc948f983c7c27991a44cc	4044448	29751103	https://mirror.archlinuxarm.org/aarch64/extra/speech-dispatcher-0.12.1-3-aarch64.pkg.tar.xz	https://archlinuxarm.org/packages/aarch64/speech-dispatcher	https://archlinuxarm.org/packages/aarch64/speech-dispatcher/files
live	extra	speex	speex	1.2.1-2	aarch64	speex-1.2.1-2-aarch64.pkg.tar.xz	32c63869dccafc80eb78271349a0f50692bff959efd751b07c9ea4add0c0f6e2	486108	753915	https://mirror.archlinuxarm.org/aarch64/extra/speex-1.2.1-2-aarch64.pkg.tar.xz	https://archlinuxarm.org/packages/aarch64/speex	https://archlinuxarm.org/packages/aarch64/speex/files
live	extra	speexdsp	speexdsp	1.2.1-2	aarch64	speexdsp-1.2.1-2-aarch64.pkg.tar.xz	619c07961bcc824f5e93baaefab5cdc6b1ecdcdbab825d8b2208d46621bb52d5	456036	615390	https://mirror.archlinuxarm.org/aarch64/extra/speexdsp-1.2.1-2-aarch64.pkg.tar.xz	https://archlinuxarm.org/packages/aarch64/speexdsp	https://archlinuxarm.org/packages/aarch64/speexdsp/files
live	extra	spirv-tools	spirv-tools	1:1.4.350.1-1	aarch64	spirv-tools-1:1.4.350.1-1-aarch64.pkg.tar.xz	cbefca78f0ad325fab1218f1ebffa6a2ba5020fe4c7a0e9e2a3c6bd005c0f40c	1899516	11091877	https://mirror.archlinuxarm.org/aarch64/extra/spirv-tools-1:1.4.350.1-1-aarch64.pkg.tar.xz	https://archlinuxarm.org/packages/aarch64/spirv-tools	https://archlinuxarm.org/packages/aarch64/spirv-tools/files
live+build	core	sqlite	sqlite	3.53.3-1	aarch64	sqlite-3.53.3-1-aarch64.pkg.tar.xz	3ecd9787d867420e41158835f438a165d63e02727b43d36424f9584aae071765	1852844	21161566	https://mirror.archlinuxarm.org/aarch64/core/sqlite-3.53.3-1-aarch64.pkg.tar.xz	https://archlinuxarm.org/packages/aarch64/sqlite	https://archlinuxarm.org/packages/aarch64/sqlite/files
build	extra	squashfs-tools	squashfs-tools	4.7.5-1	aarch64	squashfs-tools-4.7.5-1-aarch64.pkg.tar.xz	824baab4fbafb7a1e6a350dd9ea6825243ecb2b082c07ea0840ec2532f0fe7dc	246928	1121734	https://mirror.archlinuxarm.org/aarch64/extra/squashfs-tools-4.7.5-1-aarch64.pkg.tar.xz	https://archlinuxarm.org/packages/aarch64/squashfs-tools	https://archlinuxarm.org/packages/aarch64/squashfs-tools/files
live	extra	sratom	sratom	0.6.22-1	aarch64	sratom-0.6.22-1-aarch64.pkg.tar.xz	f03d5ade48ac5e482b56a6f59333869fc2f4093c04972c3e8ab1d44daed9da86	18028	79120	https://mirror.archlinuxarm.org/aarch64/extra/sratom-0.6.22-1-aarch64.pkg.tar.xz	https://archlinuxarm.org/packages/aarch64/sratom	https://archlinuxarm.org/packages/aarch64/sratom/files
live	extra	srt	srt	1.5.6-1	aarch64	srt-1.5.6-1-aarch64.pkg.tar.xz	1c92b0f7a7b311630a822a4ac1bfb5b338144d64ea53c4aa8a5dcacc5c03624c	473420	2111670	https://mirror.archlinuxarm.org/aarch64/extra/srt-1.5.6-1-aarch64.pkg.tar.xz	https://archlinuxarm.org/packages/aarch64/srt	https://archlinuxarm.org/packages/aarch64/srt/files
live	extra	startup-notification	startup-notification	0.12-9	aarch64	startup-notification-0.12-9-aarch64.pkg.tar.xz	b72c88dc1514f9b73c9a361e5bff8e3d58903eeed9e9e351f487e4c49246bd02	18276	87111	https://mirror.archlinuxarm.org/aarch64/extra/startup-notification-0.12-9-aarch64.pkg.tar.xz	https://archlinuxarm.org/packages/aarch64/startup-notification	https://archlinuxarm.org/packages/aarch64/startup-notification/files
live	core	sudo	sudo	1.9.17.p2-6	aarch64	sudo-1.9.17.p2-6-aarch64.pkg.tar.xz	3e90ee7aa3b5526a155396f3baa6305e37eed317db674cc077312cc386d5b0bd	1774712	9144541	https://mirror.archlinuxarm.org/aarch64/core/sudo-1.9.17.p2-6-aarch64.pkg.tar.xz	https://archlinuxarm.org/packages/aarch64/sudo	https://archlinuxarm.org/packages/aarch64/sudo/files
live+build	core	systemd	systemd	261.2-1	aarch64	systemd-261.2-1-aarch64.pkg.tar.xz	c49fdf62d594a79a66dc2dc6695695fe637c2b2e5deca87d72804b16dd13d31a	10323772	55361039	https://mirror.archlinuxarm.org/aarch64/core/systemd-261.2-1-aarch64.pkg.tar.xz	https://archlinuxarm.org/packages/aarch64/systemd	https://archlinuxarm.org/packages/aarch64/systemd/files
live+build	core	systemd-libs	systemd	261.2-1	aarch64	systemd-libs-261.2-1-aarch64.pkg.tar.xz	27658b346c44b1e1c6d5965963a9f72957d08292b20ee65b264ea7e94494f800	2356204	14549631	https://mirror.archlinuxarm.org/aarch64/core/systemd-libs-261.2-1-aarch64.pkg.tar.xz	https://archlinuxarm.org/packages/aarch64/systemd-libs	https://archlinuxarm.org/packages/aarch64/systemd-libs/files
live	core	systemd-sysvcompat	systemd	261.2-1	aarch64	systemd-sysvcompat-261.2-1-aarch64.pkg.tar.xz	709248878ed395e4af71a50fe0f42b31d3a27c5db032f79215c08fcb53c90aba	6680	2913	https://mirror.archlinuxarm.org/aarch64/core/systemd-sysvcompat-261.2-1-aarch64.pkg.tar.xz	https://archlinuxarm.org/packages/aarch64/systemd-sysvcompat	https://archlinuxarm.org/packages/aarch64/systemd-sysvcompat/files
live	extra	taglib	taglib	2.3.1-1	aarch64	taglib-2.3.1-1-aarch64.pkg.tar.xz	360d9cb97ad44362d81107b01fffca1b05cfea6d5cc85a490de90710819799e7	498820	2741293	https://mirror.archlinuxarm.org/aarch64/extra/taglib-2.3.1-1-aarch64.pkg.tar.xz	https://archlinuxarm.org/packages/aarch64/taglib	https://archlinuxarm.org/packages/aarch64/taglib/files
live	extra	talloc	talloc	2.4.4-1	aarch64	talloc-2.4.4-1-aarch64.pkg.tar.xz	63cf527b636447d27d91b44a92d35875eea4c656e41b47ffbef29542081a8dc0	46380	349549	https://mirror.archlinuxarm.org/aarch64/extra/talloc-2.4.4-1-aarch64.pkg.tar.xz	https://archlinuxarm.org/packages/aarch64/talloc	https://archlinuxarm.org/packages/aarch64/talloc/files
live+build	core	tar	tar	1.35-2	aarch64	tar-1.35-2-aarch64.pkg.tar.xz	16b14aa57a0a697e31a457d1c8f868d9e50ce842319c657e389aeb3f339a54bc	743712	3025763	https://mirror.archlinuxarm.org/aarch64/core/tar-1.35-2-aarch64.pkg.tar.xz	https://archlinuxarm.org/packages/aarch64/tar	https://archlinuxarm.org/packages/aarch64/tar/files
live	extra	tdb	tdb	1.4.15-1	aarch64	tdb-1.4.15-1-aarch64.pkg.tar.xz	38b65b55e3ef66d3a9ee779221f252c98cc70c4649d18eb0f564acdbaa3a19c9	71624	516996	https://mirror.archlinuxarm.org/aarch64/extra/tdb-1.4.15-1-aarch64.pkg.tar.xz	https://archlinuxarm.org/packages/aarch64/tdb	https://archlinuxarm.org/packages/aarch64/tdb/files
live	extra	tecla	tecla	50.0-1	aarch64	tecla-50.0-1-aarch64.pkg.tar.xz	3e9a48bb83532a39f1f74f0b1fbb10f58d1e5173060dd67b36118658769be8f0	35764	138740	https://mirror.archlinuxarm.org/aarch64/extra/tecla-50.0-1-aarch64.pkg.tar.xz	https://archlinuxarm.org/packages/aarch64/tecla	https://archlinuxarm.org/packages/aarch64/tecla/files
live	extra	testdisk	testdisk	7.2-4	aarch64	testdisk-7.2-4-aarch64.pkg.tar.xz	3892c5d1bf3cba2e42f346fd4cb1bb373f9ad8046bc2be6094a904772ac46bbb	407232	1985989	https://mirror.archlinuxarm.org/aarch64/extra/testdisk-7.2-4-aarch64.pkg.tar.xz	https://archlinuxarm.org/packages/aarch64/testdisk	https://archlinuxarm.org/packages/aarch64/testdisk/files
live	extra	tevent	tevent	1:0.17.1-2	aarch64	tevent-1:0.17.1-2-aarch64.pkg.tar.xz	cb179c163902990f90fe321c52b491ceb6a66d9477d4966cd81efe0b2e145ff1	55200	304616	https://mirror.archlinuxarm.org/aarch64/extra/tevent-1:0.17.1-2-aarch64.pkg.tar.xz	https://archlinuxarm.org/packages/aarch64/tevent	https://archlinuxarm.org/packages/aarch64/tevent/files
live	core	thin-provisioning-tools	thin-provisioning-tools	1.3.3-1	aarch64	thin-provisioning-tools-1.3.3-1-aarch64.pkg.tar.xz	42dbc142973bd089d06a7a7cc3b78f930f8936b7425aa4f499add126e6e36793	857004	2485310	https://mirror.archlinuxarm.org/aarch64/core/thin-provisioning-tools-1.3.3-1-aarch64.pkg.tar.xz	https://archlinuxarm.org/packages/aarch64/thin-provisioning-tools	https://archlinuxarm.org/packages/aarch64/thin-provisioning-tools/files
live	extra	tinysparql	tinysparql	3.11.1-1	aarch64	tinysparql-3.11.1-1-aarch64.pkg.tar.xz	d245e5c2098c20a6eff65759d3967a63ff3e4658f755585296000b9c1890a547	978880	4491853	https://mirror.archlinuxarm.org/aarch64/extra/tinysparql-3.11.1-1-aarch64.pkg.tar.xz	https://archlinuxarm.org/packages/aarch64/tinysparql	https://archlinuxarm.org/packages/aarch64/tinysparql/files
live	extra	totem-pl-parser	totem-pl-parser	3.26.7-1	aarch64	totem-pl-parser-3.26.7-1-aarch64.pkg.tar.xz	a2a4da1044d10c0f3ef25ddfc801f004c7064d8ed16f0f58009a7037a7b1d69d	119296	710969	https://mirror.archlinuxarm.org/aarch64/extra/totem-pl-parser-3.26.7-1-aarch64.pkg.tar.xz	https://archlinuxarm.org/packages/aarch64/totem-pl-parser	https://archlinuxarm.org/packages/aarch64/totem-pl-parser/files
live+build	core	tpm2-tss	tpm2-tss	4.1.3-1	aarch64	tpm2-tss-4.1.3-1-aarch64.pkg.tar.xz	31b8cf7ceddb6bd6a5d6836143651aae1270972dc70a30e57b01bbabd9fdd4a3	855008	4408554	https://mirror.archlinuxarm.org/aarch64/core/tpm2-tss-4.1.3-1-aarch64.pkg.tar.xz	https://archlinuxarm.org/packages/aarch64/tpm2-tss	https://archlinuxarm.org/packages/aarch64/tpm2-tss/files
live	extra	tslib	tslib	1.24-1	aarch64	tslib-1.24-1-aarch64.pkg.tar.xz	ecad1c0c437edf05bdd8feff38a6e2e6c9647589f8eb148c88a51a8dad55f017	100528	1891048	https://mirror.archlinuxarm.org/aarch64/extra/tslib-1.24-1-aarch64.pkg.tar.xz	https://archlinuxarm.org/packages/aarch64/tslib	https://archlinuxarm.org/packages/aarch64/tslib/files
live	extra	ttf-dejavu	ttf-dejavu	2.37+18+g9b5d1b2f-8	any	ttf-dejavu-2.37+18+g9b5d1b2f-8-any.pkg.tar.xz	4946f46257914f16fc61481766d2dd767963b64f58fdcb09ce6210624bce4830	2476332	10264520	https://mirror.archlinuxarm.org/aarch64/extra/ttf-dejavu-2.37+18+g9b5d1b2f-8-any.pkg.tar.xz	https://archlinuxarm.org/packages/aarch64/ttf-dejavu	https://archlinuxarm.org/packages/aarch64/ttf-dejavu/files
live	extra	twolame	twolame	0.4.0-4	aarch64	twolame-0.4.0-4-aarch64.pkg.tar.xz	db9230d94c8677035632da0e98f3d20897e97adac61d78999b581ef8190bf949	79684	289407	https://mirror.archlinuxarm.org/aarch64/extra/twolame-0.4.0-4-aarch64.pkg.tar.xz	https://archlinuxarm.org/packages/aarch64/twolame	https://archlinuxarm.org/packages/aarch64/twolame/files
live+build	core	tzdata	tzdata	2026c-1	aarch64	tzdata-2026c-1-aarch64.pkg.tar.xz	646207a7cd91cc81dc193279784ddee3b96cb991f080319842858fee0ddbb69e	292832	1775703	https://mirror.archlinuxarm.org/aarch64/core/tzdata-2026c-1-aarch64.pkg.tar.xz	https://archlinuxarm.org/packages/aarch64/tzdata	https://archlinuxarm.org/packages/aarch64/tzdata/files
live	extra	uchardet	uchardet	0.0.8-4	aarch64	uchardet-0.0.8-4-aarch64.pkg.tar.xz	c9cfa37e4626143ac56e6c1156144ea179e5b44cb34bf96cf0243bac61886057	74640	344572	https://mirror.archlinuxarm.org/aarch64/extra/uchardet-0.0.8-4-aarch64.pkg.tar.xz	https://archlinuxarm.org/packages/aarch64/uchardet	https://archlinuxarm.org/packages/aarch64/uchardet/files
live	extra	udisks2	udisks2	2.11.1-2	aarch64	udisks2-2.11.1-2-aarch64.pkg.tar.xz	ce4995dfa4edf5e8f6322f6f03d61edbf85919ba341cbd5941faa39ec275a9f1	724824	8604361	https://mirror.archlinuxarm.org/aarch64/extra/udisks2-2.11.1-2-aarch64.pkg.tar.xz	https://archlinuxarm.org/packages/aarch64/udisks2	https://archlinuxarm.org/packages/aarch64/udisks2/files
live	extra	unzip	unzip	6.0-23	aarch64	unzip-6.0-23-aarch64.pkg.tar.xz	edc91c7e4e400f20345439744262d1ceded104c78d940659a6b9876076ef33fc	135684	442223	https://mirror.archlinuxarm.org/aarch64/extra/unzip-6.0-23-aarch64.pkg.tar.xz	https://archlinuxarm.org/packages/aarch64/unzip	https://archlinuxarm.org/packages/aarch64/unzip/files
live	extra	upower	upower	1.91.3-1	aarch64	upower-1.91.3-1-aarch64.pkg.tar.xz	2cc18344c7880fc1b7a9370ef7dff25bccd383ecfc7375c4b8e4559904209e7f	162004	1072797	https://mirror.archlinuxarm.org/aarch64/extra/upower-1.91.3-1-aarch64.pkg.tar.xz	https://archlinuxarm.org/packages/aarch64/upower	https://archlinuxarm.org/packages/aarch64/upower/files
live	core	usbutils	usbutils	019-1	aarch64	usbutils-019-1-aarch64.pkg.tar.xz	5e1f150ac7d3d56a0bf7462206ce86f1dc9086cd4bcadd3e2bade03a8669f99b	109900	566727	https://mirror.archlinuxarm.org/aarch64/core/usbutils-019-1-aarch64.pkg.tar.xz	https://archlinuxarm.org/packages/aarch64/usbutils	https://archlinuxarm.org/packages/aarch64/usbutils/files
live+build	core	util-linux	util-linux	2.42.2-1	aarch64	util-linux-2.42.2-1-aarch64.pkg.tar.xz	3c0222443a1802b2f489a568c74a6d0dbf6af35e331d8525ec9403aabaf8da44	6582652	29676759	https://mirror.archlinuxarm.org/aarch64/core/util-linux-2.42.2-1-aarch64.pkg.tar.xz	https://archlinuxarm.org/packages/aarch64/util-linux	https://archlinuxarm.org/packages/aarch64/util-linux/files
live+build	core	util-linux-libs	util-linux	2.42.2-1	aarch64	util-linux-libs-2.42.2-1-aarch64.pkg.tar.xz	40684954e7e66377ac31605cc2288fdae13142e1991bf04fac7659315048161f	503408	2205472	https://mirror.archlinuxarm.org/aarch64/core/util-linux-libs-2.42.2-1-aarch64.pkg.tar.xz	https://archlinuxarm.org/packages/aarch64/util-linux-libs	https://archlinuxarm.org/packages/aarch64/util-linux-libs/files
live	extra	v4l-utils	v4l-utils	1.32.0-2	aarch64	v4l-utils-1.32.0-2-aarch64.pkg.tar.xz	fa268be75a81fc55a69b03e53376997e82c738d5629d884f7d342e664033d607	1901776	14369576	https://mirror.archlinuxarm.org/aarch64/extra/v4l-utils-1.32.0-2-aarch64.pkg.tar.xz	https://archlinuxarm.org/packages/aarch64/v4l-utils	https://archlinuxarm.org/packages/aarch64/v4l-utils/files
live	extra	vapoursynth	vapoursynth	77-2	aarch64	vapoursynth-77-2-aarch64.pkg.tar.xz	47c8b6694084d688724e912e78186e74132a34e32eb988a67e5ca1456054d813	639140	2430945	https://mirror.archlinuxarm.org/aarch64/extra/vapoursynth-77-2-aarch64.pkg.tar.xz	https://archlinuxarm.org/packages/aarch64/vapoursynth	https://archlinuxarm.org/packages/aarch64/vapoursynth/files
live	extra	vid.stab	vid.stab	1.1.1-3	aarch64	vid.stab-1.1.1-3-aarch64.pkg.tar.xz	8f325887ab16acc06523963799f1b4e028d200246d7eaaf641b24b1feac458c5	45708	194883	https://mirror.archlinuxarm.org/aarch64/extra/vid.stab-1.1.1-3-aarch64.pkg.tar.xz	https://archlinuxarm.org/packages/aarch64/vid.stab	https://archlinuxarm.org/packages/aarch64/vid.stab/files
live	extra	vmaf	vmaf	3.2.0-1	aarch64	vmaf-3.2.0-1-aarch64.pkg.tar.xz	2b22fa76ea2efbd40774e60518182a7faf5a15805c9da486ca4b5c9128373ac0	375840	6091221	https://mirror.archlinuxarm.org/aarch64/extra/vmaf-3.2.0-1-aarch64.pkg.tar.xz	https://archlinuxarm.org/packages/aarch64/vmaf	https://archlinuxarm.org/packages/aarch64/vmaf/files
live	extra	volume_key	volume_key	0.3.12-12	aarch64	volume_key-0.3.12-12-aarch64.pkg.tar.xz	0effd7c5a0b829498e8f8c0e45f238fb01338e29dd7880e52e2ccb423d8cb642	123192	789165	https://mirror.archlinuxarm.org/aarch64/extra/volume_key-0.3.12-12-aarch64.pkg.tar.xz	https://archlinuxarm.org/packages/aarch64/volume_key	https://archlinuxarm.org/packages/aarch64/volume_key/files
live	extra	vte-common	vte3	0.84.0-1	aarch64	vte-common-0.84.0-1-aarch64.pkg.tar.xz	95f071211a08ea981161c42cd05c194390cbb6211bfa19829d06133a6f7f40bc	53620	250123	https://mirror.archlinuxarm.org/aarch64/extra/vte-common-0.84.0-1-aarch64.pkg.tar.xz	https://archlinuxarm.org/packages/aarch64/vte-common	https://archlinuxarm.org/packages/aarch64/vte-common/files
live	extra	vte4	vte3	0.84.0-1	aarch64	vte4-0.84.0-1-aarch64.pkg.tar.xz	94eeebfd794f1f0f532b2ae7a16ed22529dc4b9b76c0f5e5e5300d21a70edaaa	396008	1757300	https://mirror.archlinuxarm.org/aarch64/extra/vte4-0.84.0-1-aarch64.pkg.tar.xz	https://archlinuxarm.org/packages/aarch64/vte4	https://archlinuxarm.org/packages/aarch64/vte4/files
live	extra	vulkan-icd-loader	vulkan-icd-loader	1.4.350.1-1	aarch64	vulkan-icd-loader-1.4.350.1-1-aarch64.pkg.tar.xz	31142fb87d8c76233e35afc715afa17bcf89e4fe544dbb4d59c0b8e950640c3d	139512	731286	https://mirror.archlinuxarm.org/aarch64/extra/vulkan-icd-loader-1.4.350.1-1-aarch64.pkg.tar.xz	https://archlinuxarm.org/packages/aarch64/vulkan-icd-loader	https://archlinuxarm.org/packages/aarch64/vulkan-icd-loader/files
live	extra	wavpack	wavpack	5.9.0-1	aarch64	wavpack-5.9.0-1-aarch64.pkg.tar.xz	ff347cb1da30f65cd99ca5069f1d8eec98f030ca5171c0c5842d99f80a9b3107	504736	1058580	https://mirror.archlinuxarm.org/aarch64/extra/wavpack-5.9.0-1-aarch64.pkg.tar.xz	https://archlinuxarm.org/packages/aarch64/wavpack	https://archlinuxarm.org/packages/aarch64/wavpack/files
live	extra	wayland	wayland	1.25.0-1	aarch64	wayland-1.25.0-1-aarch64.pkg.tar.xz	14a1b1783c4a020538a58b2baa0cdab3e608ef9364e808c6b6f66d0bfaad34f0	142168	1126774	https://mirror.archlinuxarm.org/aarch64/extra/wayland-1.25.0-1-aarch64.pkg.tar.xz	https://archlinuxarm.org/packages/aarch64/wayland	https://archlinuxarm.org/packages/aarch64/wayland/files
live	extra	webkitgtk-6.0	webkitgtk-6.0	2.52.5-2	aarch64	webkitgtk-6.0-2.52.5-2-aarch64.pkg.tar.xz	73ffa816607ac9249cc484321af35cc998ed62e1b5f1765f20c22b4d362aaf65	39394160	156996836	https://mirror.archlinuxarm.org/aarch64/extra/webkitgtk-6.0-2.52.5-2-aarch64.pkg.tar.xz	https://archlinuxarm.org/packages/aarch64/webkitgtk-6.0	https://archlinuxarm.org/packages/aarch64/webkitgtk-6.0/files
live	extra	webrtc-audio-processing-1	webrtc-audio-processing-1	1.3-5	aarch64	webrtc-audio-processing-1-1.3-5-aarch64.pkg.tar.xz	3c1427562bbe5aea66f792ffd9acea87cd8c305577310057c8cf0cc1ee438fb8	464104	1614255	https://mirror.archlinuxarm.org/aarch64/extra/webrtc-audio-processing-1-1.3-5-aarch64.pkg.tar.xz	https://archlinuxarm.org/packages/aarch64/webrtc-audio-processing-1	https://archlinuxarm.org/packages/aarch64/webrtc-audio-processing-1/files
live	extra	wget	wget	1.25.0-6	aarch64	wget-1.25.0-6-aarch64.pkg.tar.xz	e2bf0067cca93877c737c7d48bc36fff32e184c7874829429b9473c10a12dd39	676020	6064482	https://mirror.archlinuxarm.org/aarch64/extra/wget-1.25.0-6-aarch64.pkg.tar.xz	https://archlinuxarm.org/packages/aarch64/wget	https://archlinuxarm.org/packages/aarch64/wget/files
live	core	wireless-regdb	wireless-regdb	2026.05.30-1	any	wireless-regdb-2026.05.30-1-any.pkg.tar.xz	76fe7e5b5b1e3d2544ec01d7ae6fe0134062480933df2826981a1ec16faf898a	11180	22207	https://mirror.archlinuxarm.org/aarch64/core/wireless-regdb-2026.05.30-1-any.pkg.tar.xz	https://archlinuxarm.org/packages/aarch64/wireless-regdb	https://archlinuxarm.org/packages/aarch64/wireless-regdb/files
live	extra	wireplumber	wireplumber	0.5.15-1	aarch64	wireplumber-0.5.15-1-aarch64.pkg.tar.xz	2665654b797f986cda22af9503d911c352794dad13015cadb18f758d5ec924fe	272356	2174275	https://mirror.archlinuxarm.org/aarch64/extra/wireplumber-0.5.15-1-aarch64.pkg.tar.xz	https://archlinuxarm.org/packages/aarch64/wireplumber	https://archlinuxarm.org/packages/aarch64/wireplumber/files
live	extra	woff2	woff2	1.0.2-6	aarch64	woff2-1.0.2-6-aarch64.pkg.tar.xz	0b4475ac0e98b59afce631550b47e35c0f41aeb6a0645cb4919a80b1b2f7ace8	54024	412175	https://mirror.archlinuxarm.org/aarch64/extra/woff2-1.0.2-6-aarch64.pkg.tar.xz	https://archlinuxarm.org/packages/aarch64/woff2	https://archlinuxarm.org/packages/aarch64/woff2/files
live	core	wpa_supplicant	wpa_supplicant	2:2.11-5	aarch64	wpa_supplicant-2:2.11-5-aarch64.pkg.tar.xz	e82f1861e34a70f93e137589cb64be9a3c1460090eeec8fd5f0ba14d33242b4b	1573276	7793583	https://mirror.archlinuxarm.org/aarch64/core/wpa_supplicant-2:2.11-5-aarch64.pkg.tar.xz	https://archlinuxarm.org/packages/aarch64/wpa_supplicant	https://archlinuxarm.org/packages/aarch64/wpa_supplicant/files
live	extra	x264	x264	3:0.165.r3222.b35605a-2	aarch64	x264-3:0.165.r3222.b35605a-2-aarch64.pkg.tar.xz	ef95679c4ecf842fd08d1e49c61977c39fb38f0c2c67384130e9aba860229f70	569292	3076572	https://mirror.archlinuxarm.org/aarch64/extra/x264-3:0.165.r3222.b35605a-2-aarch64.pkg.tar.xz	https://archlinuxarm.org/packages/aarch64/x264	https://archlinuxarm.org/packages/aarch64/x264/files
live	extra	x265	x265	4.2-2	aarch64	x265-4.2-2-aarch64.pkg.tar.xz	230647713e69b93ee923dd15e475d1e5d0541ece8bbe7c546428f984111e762f	1227076	4193710	https://mirror.archlinuxarm.org/aarch64/extra/x265-4.2-2-aarch64.pkg.tar.xz	https://archlinuxarm.org/packages/aarch64/x265	https://archlinuxarm.org/packages/aarch64/x265/files
live	extra	xcb-proto	xcb-proto	1.17.0-4	any	xcb-proto-1.17.0-4-any.pkg.tar.xz	c494c60bbb63fe42cd68a37710d389818611775fd74dcb228d901003958aa8ee	127676	1076752	https://mirror.archlinuxarm.org/aarch64/extra/xcb-proto-1.17.0-4-any.pkg.tar.xz	https://archlinuxarm.org/packages/aarch64/xcb-proto	https://archlinuxarm.org/packages/aarch64/xcb-proto/files
live	extra	xcb-util	xcb-util	0.4.1-2	aarch64	xcb-util-0.4.1-2-aarch64.pkg.tar.xz	acf6f8f974bb4c5aa982eb8e9f7e988704807b3db9d747ce98f6ca1ffaa17b5f	11788	80241	https://mirror.archlinuxarm.org/aarch64/extra/xcb-util-0.4.1-2-aarch64.pkg.tar.xz	https://archlinuxarm.org/packages/aarch64/xcb-util	https://archlinuxarm.org/packages/aarch64/xcb-util/files
live	extra	xcb-util-cursor	xcb-util-cursor	0.1.6-1	aarch64	xcb-util-cursor-0.1.6-1-aarch64.pkg.tar.xz	8db3ad73de0ad3714b3a25f3f1eceba9c0c60dd2d84c84357fa34fab6106083b	11580	74538	https://mirror.archlinuxarm.org/aarch64/extra/xcb-util-cursor-0.1.6-1-aarch64.pkg.tar.xz	https://archlinuxarm.org/packages/aarch64/xcb-util-cursor	https://archlinuxarm.org/packages/aarch64/xcb-util-cursor/files
live	extra	xcb-util-image	xcb-util-image	0.4.1-3	aarch64	xcb-util-image-0.4.1-3-aarch64.pkg.tar.xz	e615d2753b21b48d40317c603a75f41c3a1c5ac06a159a7af2b35708a1cc13a6	17068	103390	https://mirror.archlinuxarm.org/aarch64/extra/xcb-util-image-0.4.1-3-aarch64.pkg.tar.xz	https://archlinuxarm.org/packages/aarch64/xcb-util-image	https://archlinuxarm.org/packages/aarch64/xcb-util-image/files
live	extra	xcb-util-keysyms	xcb-util-keysyms	0.4.1-5	aarch64	xcb-util-keysyms-0.4.1-5-aarch64.pkg.tar.xz	05bd273ab344ea9d8fd44d1688f8ac5aa009071672bbc8b50571c252c39dfe7a	7568	71069	https://mirror.archlinuxarm.org/aarch64/extra/xcb-util-keysyms-0.4.1-5-aarch64.pkg.tar.xz	https://archlinuxarm.org/packages/aarch64/xcb-util-keysyms	https://archlinuxarm.org/packages/aarch64/xcb-util-keysyms/files
live	extra	xcb-util-renderutil	xcb-util-renderutil	0.3.10-2	aarch64	xcb-util-renderutil-0.3.10-2-aarch64.pkg.tar.xz	87ab6eb530aaf6a2cf25af677ceb4493346ff319bb86e041afb9408e606784e3	9368	76046	https://mirror.archlinuxarm.org/aarch64/extra/xcb-util-renderutil-0.3.10-2-aarch64.pkg.tar.xz	https://archlinuxarm.org/packages/aarch64/xcb-util-renderutil	https://archlinuxarm.org/packages/aarch64/xcb-util-renderutil/files
live	extra	xcb-util-wm	xcb-util-wm	0.4.2-2	aarch64	xcb-util-wm-0.4.2-2-aarch64.pkg.tar.xz	cca68248ca0d4a83382cac35fec66e8965e121d792ab2cb54a048fd7f514b92e	31348	279324	https://mirror.archlinuxarm.org/aarch64/extra/xcb-util-wm-0.4.2-2-aarch64.pkg.tar.xz	https://archlinuxarm.org/packages/aarch64/xcb-util-wm	https://archlinuxarm.org/packages/aarch64/xcb-util-wm/files
live	extra	xdg-dbus-proxy	xdg-dbus-proxy	0.1.7-1	aarch64	xdg-dbus-proxy-0.1.7-1-aarch64.pkg.tar.xz	3a41b0b799752fa56b2703f177a6960b9811332f3ca93e86a59f82484738ea42	25168	70565	https://mirror.archlinuxarm.org/aarch64/extra/xdg-dbus-proxy-0.1.7-1-aarch64.pkg.tar.xz	https://archlinuxarm.org/packages/aarch64/xdg-dbus-proxy	https://archlinuxarm.org/packages/aarch64/xdg-dbus-proxy/files
live	extra	xdg-desktop-portal	xdg-desktop-portal	1.22.1-2	aarch64	xdg-desktop-portal-1.22.1-2-aarch64.pkg.tar.xz	e1f5f15d6455a3b9787775e5c6f33c0223154aef94d837b1ed52f4651705c7c6	464240	3099143	https://mirror.archlinuxarm.org/aarch64/extra/xdg-desktop-portal-1.22.1-2-aarch64.pkg.tar.xz	https://archlinuxarm.org/packages/aarch64/xdg-desktop-portal	https://archlinuxarm.org/packages/aarch64/xdg-desktop-portal/files
live	extra	xdg-desktop-portal-gnome	xdg-desktop-portal-gnome	50.0-1	aarch64	xdg-desktop-portal-gnome-50.0-1-aarch64.pkg.tar.xz	f4b619a8102e2b921fa423fade2a1984aeafc837e0d93e21e5798a4e3cd9cabe	234768	1466209	https://mirror.archlinuxarm.org/aarch64/extra/xdg-desktop-portal-gnome-50.0-1-aarch64.pkg.tar.xz	https://archlinuxarm.org/packages/aarch64/xdg-desktop-portal-gnome	https://archlinuxarm.org/packages/aarch64/xdg-desktop-portal-gnome/files
live	extra	xdg-desktop-portal-gtk	xdg-desktop-portal-gtk	1.15.3-1	aarch64	xdg-desktop-portal-gtk-1.15.3-1-aarch64.pkg.tar.xz	67dc11eed1288b37ff3afdf8ed590f2ac4ec75ad3fb740f4984d93fd3c0628a7	116916	679678	https://mirror.archlinuxarm.org/aarch64/extra/xdg-desktop-portal-gtk-1.15.3-1-aarch64.pkg.tar.xz	https://archlinuxarm.org/packages/aarch64/xdg-desktop-portal-gtk	https://archlinuxarm.org/packages/aarch64/xdg-desktop-portal-gtk/files
live	extra	xdg-user-dirs	xdg-user-dirs	0.20-1	aarch64	xdg-user-dirs-0.20-1-aarch64.pkg.tar.xz	249c5662c50da333e7cf5242d3c32306ef7780c9b8196060e91d46a75f49c9c5	44136	275989	https://mirror.archlinuxarm.org/aarch64/extra/xdg-user-dirs-0.20-1-aarch64.pkg.tar.xz	https://archlinuxarm.org/packages/aarch64/xdg-user-dirs	https://archlinuxarm.org/packages/aarch64/xdg-user-dirs/files
live	extra	xdg-user-dirs-gtk	xdg-user-dirs-gtk	0.16-1	aarch64	xdg-user-dirs-gtk-0.16-1-aarch64.pkg.tar.xz	2c513964891c61f7eb45b36ea8ce702cd79c217bb378db556bf61af302372aa0	47892	247594	https://mirror.archlinuxarm.org/aarch64/extra/xdg-user-dirs-gtk-0.16-1-aarch64.pkg.tar.xz	https://archlinuxarm.org/packages/aarch64/xdg-user-dirs-gtk	https://archlinuxarm.org/packages/aarch64/xdg-user-dirs-gtk/files
live	extra	xdg-utils	xdg-utils	1.2.1-2	any	xdg-utils-1.2.1-2-any.pkg.tar.xz	afd760ce97e18f354c5893038327c70b72053c23b41e609c5351c5c22fc84cd8	60512	318150	https://mirror.archlinuxarm.org/aarch64/extra/xdg-utils-1.2.1-2-any.pkg.tar.xz	https://archlinuxarm.org/packages/aarch64/xdg-utils	https://archlinuxarm.org/packages/aarch64/xdg-utils/files
live	extra	xkeyboard-config	xkeyboard-config	2.48-1	any	xkeyboard-config-2.48-1-any.pkg.tar.xz	6ee5de46d25850dee96be9c28f9870ea2ae0b19ac8fb3c2194d31b9649b03ecd	843224	10741197	https://mirror.archlinuxarm.org/aarch64/extra/xkeyboard-config-2.48-1-any.pkg.tar.xz	https://archlinuxarm.org/packages/aarch64/xkeyboard-config	https://archlinuxarm.org/packages/aarch64/xkeyboard-config/files
live	extra	xorg-fonts-encodings	xorg-fonts-encodings	1.1.0-2	any	xorg-fonts-encodings-1.1.0-2-any.pkg.tar.xz	1e6b1699140df659a049dc9094fc3b08a60b624db748bc004f28db51e5bfa641	578240	644558	https://mirror.archlinuxarm.org/aarch64/extra/xorg-fonts-encodings-1.1.0-2-any.pkg.tar.xz	https://archlinuxarm.org/packages/aarch64/xorg-fonts-encodings	https://archlinuxarm.org/packages/aarch64/xorg-fonts-encodings/files
live	extra	xorg-server-common	xorg-server	21.1.24-1	aarch64	xorg-server-common-21.1.24-1-aarch64.pkg.tar.xz	0f508f5fe3c6b51764bb1b24d19a74670aee164710df2db894cc2f7b174db41c	27340	130326	https://mirror.archlinuxarm.org/aarch64/extra/xorg-server-common-21.1.24-1-aarch64.pkg.tar.xz	https://archlinuxarm.org/packages/aarch64/xorg-server-common	https://archlinuxarm.org/packages/aarch64/xorg-server-common/files
live	extra	xorg-setxkbmap	xorg-setxkbmap	1.3.5-1	aarch64	xorg-setxkbmap-1.3.5-1-aarch64.pkg.tar.xz	a3323ae651b0477c7c411e431d68debef85eef9d2f15ca90d89e383e2fad08a4	13496	71104	https://mirror.archlinuxarm.org/aarch64/extra/xorg-setxkbmap-1.3.5-1-aarch64.pkg.tar.xz	https://archlinuxarm.org/packages/aarch64/xorg-setxkbmap	https://archlinuxarm.org/packages/aarch64/xorg-setxkbmap/files
live	extra	xorg-xkbcomp	xorg-xkbcomp	1.5.0-1	aarch64	xorg-xkbcomp-1.5.0-1-aarch64.pkg.tar.xz	7c30d6aa484ff17ab36c3c33ae145195831458751e901b96b92b3398abc96611	81536	276360	https://mirror.archlinuxarm.org/aarch64/extra/xorg-xkbcomp-1.5.0-1-aarch64.pkg.tar.xz	https://archlinuxarm.org/packages/aarch64/xorg-xkbcomp	https://archlinuxarm.org/packages/aarch64/xorg-xkbcomp/files
live	extra	xorg-xmodmap	xorg-xmodmap	1.0.12-1	aarch64	xorg-xmodmap-1.0.12-1-aarch64.pkg.tar.xz	2aacef7ceea526570cfcdbf6303036b83a5cb2c1d9841b6cce56dfd3bbd092e5	23124	75252	https://mirror.archlinuxarm.org/aarch64/extra/xorg-xmodmap-1.0.12-1-aarch64.pkg.tar.xz	https://archlinuxarm.org/packages/aarch64/xorg-xmodmap	https://archlinuxarm.org/packages/aarch64/xorg-xmodmap/files
live	extra	xorg-xprop	xorg-xprop	1.2.8-1	aarch64	xorg-xprop-1.2.8-1-aarch64.pkg.tar.xz	5ab8f4c95ee0772592be2f9efc5ebe876083202ad6a06515bcc81bd0f0b6a15a	26412	77934	https://mirror.archlinuxarm.org/aarch64/extra/xorg-xprop-1.2.8-1-aarch64.pkg.tar.xz	https://archlinuxarm.org/packages/aarch64/xorg-xprop	https://archlinuxarm.org/packages/aarch64/xorg-xprop/files
live	extra	xorg-xwayland	xorg-xwayland	24.1.13-1	aarch64	xorg-xwayland-24.1.13-1-aarch64.pkg.tar.xz	b7d626d41761d9829ea722086e04a8df53cddf12c2341ab2b99e0080badd6a1a	851316	2685617	https://mirror.archlinuxarm.org/aarch64/extra/xorg-xwayland-24.1.13-1-aarch64.pkg.tar.xz	https://archlinuxarm.org/packages/aarch64/xorg-xwayland	https://archlinuxarm.org/packages/aarch64/xorg-xwayland/files
live	extra	xorgproto	xorgproto	2025.1-1	any	xorgproto-2025.1-1-any.pkg.tar.xz	682bdb76951a10606b0f3dfaa6e3fd48df2bd183a060e66aa23fbce2473bca53	238696	1540891	https://mirror.archlinuxarm.org/aarch64/extra/xorgproto-2025.1-1-any.pkg.tar.xz	https://archlinuxarm.org/packages/aarch64/xorgproto	https://archlinuxarm.org/packages/aarch64/xorgproto/files
live	extra	xvidcore	xvidcore	1.3.7-4	aarch64	xvidcore-1.3.7-4-aarch64.pkg.tar.xz	3a502aa526a48dc0e98744ad6bd91e777fc6d97866412e8558feb4663093045c	162680	496057	https://mirror.archlinuxarm.org/aarch64/extra/xvidcore-1.3.7-4-aarch64.pkg.tar.xz	https://archlinuxarm.org/packages/aarch64/xvidcore	https://archlinuxarm.org/packages/aarch64/xvidcore/files
live+build	extra	xxhash	xxhash	0.8.3-1	aarch64	xxhash-0.8.3-1-aarch64.pkg.tar.xz	41ccd13f6d8201897b17d9c15cf8e40a104af676a958ac44cc8ad903dc4325c2	88724	475012	https://mirror.archlinuxarm.org/aarch64/extra/xxhash-0.8.3-1-aarch64.pkg.tar.xz	https://archlinuxarm.org/packages/aarch64/xxhash	https://archlinuxarm.org/packages/aarch64/xxhash/files
live+build	core	xz	xz	5.8.3-1	aarch64	xz-5.8.3-1-aarch64.pkg.tar.xz	b7e6d0b61b02a6b47d24c2996653a5baf4d65a9c5d74714813af2e708adef3df	867792	3299412	https://mirror.archlinuxarm.org/aarch64/core/xz-5.8.3-1-aarch64.pkg.tar.xz	https://archlinuxarm.org/packages/aarch64/xz	https://archlinuxarm.org/packages/aarch64/xz/files
live	extra	zeromq	zeromq	4.3.5-3	aarch64	zeromq-4.3.5-3-aarch64.pkg.tar.xz	ae6e65b77c02fcec6b566209f02f0effd527234934b8fbc6042acba7619d9c71	534876	3678432	https://mirror.archlinuxarm.org/aarch64/extra/zeromq-4.3.5-3-aarch64.pkg.tar.xz	https://archlinuxarm.org/packages/aarch64/zeromq	https://archlinuxarm.org/packages/aarch64/zeromq/files
live	extra	zimg	zimg	3.0.6-2	aarch64	zimg-3.0.6-2-aarch64.pkg.tar.xz	787c6dc29872e3cb900d51f90bfa1e7bfd069d8f91a4ea7e2b57740b71e381f7	115668	401140	https://mirror.archlinuxarm.org/aarch64/extra/zimg-3.0.6-2-aarch64.pkg.tar.xz	https://archlinuxarm.org/packages/aarch64/zimg	https://archlinuxarm.org/packages/aarch64/zimg/files
live	extra	zip	zip	3.0-13	aarch64	zip-3.0-13-aarch64.pkg.tar.xz	9de6bac3d66388281933c2ade765a07e83d76b00e21ded7ff466bc1ede4090c8	160428	708024	https://mirror.archlinuxarm.org/aarch64/extra/zip-3.0-13-aarch64.pkg.tar.xz	https://archlinuxarm.org/packages/aarch64/zip	https://archlinuxarm.org/packages/aarch64/zip/files
live	extra	zix	zix	0.8.2-1	aarch64	zix-0.8.2-1-aarch64.pkg.tar.xz	27d0816a1719b6d91cc96b00c7e16cedf661a1a45ed2c431cb3fcca8e8cb5025	40888	146204	https://mirror.archlinuxarm.org/aarch64/extra/zix-0.8.2-1-aarch64.pkg.tar.xz	https://archlinuxarm.org/packages/aarch64/zix	https://archlinuxarm.org/packages/aarch64/zix/files
live+build	core	zlib	zlib	1:1.3.2-3	aarch64	zlib-1:1.3.2-3-aarch64.pkg.tar.xz	7e31b465e09e8e61375578b8e26ed883906e126e0c0ef1c75b7ccccfa95a58c4	77320	257244	https://mirror.archlinuxarm.org/aarch64/core/zlib-1:1.3.2-3-aarch64.pkg.tar.xz	https://archlinuxarm.org/packages/aarch64/zlib	https://archlinuxarm.org/packages/aarch64/zlib/files
live+build	core	zstd	zstd	1.5.7-3	aarch64	zstd-1.5.7-3-aarch64.pkg.tar.xz	c3b907c36049b338bda0c6d85260251e48d17e2be6c0e11ddc0dfd4cf9d2e89a	436532	1631101	https://mirror.archlinuxarm.org/aarch64/core/zstd-1.5.7-3-aarch64.pkg.tar.xz	https://archlinuxarm.org/packages/aarch64/zstd	https://archlinuxarm.org/packages/aarch64/zstd/files
